股票名称代码,股票名称代码,股票名称代码,股票名称代码,股票名称代码,股票名称代码
1,2,4,5,6,7
平安银行,万科A,*ST国华,ST星源,深振业A,全新好
8,9,10,11,12,14
神州高铁,中国宝安,美丽生态,深物业A,南玻A,沙河股份
16,17,19,20,21,23
深康佳A,深中华A,深粮控股,深华发A,深科技,*ST深天
25,26,27,28,29,30
特力A,飞亚达,深圳能源,国药一致,深深房A,富奥股份
31,32,34,35,36,37
大悦城,深桑达A,神州数码,中国天楹,华联控股,深南电A
39,40,42,45,48,49
中集集团,*ST旭蓝,中洲控股,深纺织A,京基智农,德赛电池
50,55,56,58,59,60
深天马A,方大集团,皇庭国际,深赛格,华锦股份,中金岭南
61,62,63,65,66,68
农产品,深圳华强,中兴通讯,北方国际,中国长城,华控赛格
69,70,78,88,89,90
华侨城A,ST特信,海王生物,盐田港,深圳机场,天健集团
96,99,100,151,153,155
广聚能源,中信海直,TCL科技,中成股份,丰原药业,川能动力
156,157,158,159,166,301
华数传媒,中联重科,常山北明,国际实业,申万宏源,东方盛虹
333,338,400,401,402,403
美的集团,潍柴动力,许继电气,冀东水泥,金融街,派林生物
404,407,408,409,410,411
长虹华意,胜利股份,藏格矿业,云鼎科技,沈阳机床,英特集团
413,415,416,417,419,420
ST旭电,渤海租赁,*ST民控,合百集团,通程控股,吉林化纤
421,422,423,425,426,428
南京公用,湖北宜化,东阿阿胶,徐工机械,兴业银锡,华天酒店
429,430,488,498,501,503
粤高速A,ST张家界,ST晨鸣,山东路桥,武商集团,国新健康
504,505,506,507,509,510
*ST生物,京粮控股,*ST中润,珠海港,华塑控股,新金路
513,514,516,517,518,519
丽珠集团,渝开发,国际医学,荣安地产,*ST四环,中兵红箭
520,521,523,524,525,526
凤凰航运,长虹美菱,红棉股份,岭南控股,ST红太阳,学大教育
528,529,530,531,532,533
柳工,广弘控股,冰山冷热,穗恒运A,华金资本,顺钠股份
534,536,537,538,539,541
万泽股份,华映科技,中绿电,云南白药,粤电力A,佛山照明
543,544,545,546,547,548
皖能电力,中原环保,金浦钛业,金圆股份,航天发展,湖南投资
550,551,552,553,554,555
江铃汽车,创元科技,甘肃能化,安道麦A,泰山石油,神州信息
557,558,559,560,561,563
西部创业,天府文旅,万向钱潮,我爱我家,烽火电子,陕国投A
564,565,566,567,568,570
供销大集,渝三峡A,海南海药,海德股份,泸州老窖,苏常柴A
571,572,573,576,581,582
新大洲A,海马汽车,粤宏远A,甘化科工,威孚高科,北部湾港
584,586,589,590,591,592
*ST工智,汇源通信,贵州轮胎,启迪药业,太阳能,平潭发展
593,595,596,597,598,599
德龙汇能,*ST宝实,古井贡酒,东北制药,兴蓉环境,青岛双星
600,601,603,605,607,608
建投能源,韶能股份,盛达资源,渤海股份,华媒控股,*ST阳光
609,610,612,615,617,619
*ST中迪,西安旅游,焦作万方,*ST美谷,中油资本,海螺新材
620,622,623,625,626,627
新华联,*ST恒立,吉林敖东,长安汽车,远大控股,天茂集团
628,629,630,631,632,633
高新发展,钒钛股份,铜陵有色,顺发恒业,三木集团,合金投资
635,636,637,638,639,650
英力特,风华高科,茂化实华,*ST万方,西王食品,仁和药业
651,652,655,656,657,659
格力电器,泰达股份,金岭矿业,*ST金科,中钨高新,珠海中富
661,663,665,668,669,670
长春高新,永安林业,湖北广电,*ST荣控,ST金鸿,盈方微
672,676,677,678,679,680
上峰水泥,智度股份,恒天海龙,襄阳轴承,大连友谊,山推股份
681,682,683,685,686,688
视觉中国,东方电子,博源化工,中山公用,东北证券,国城矿业
690,691,692,695,697,698
宝新能源,*ST亚太,惠天热电,滨海能源,ST炼石,沈阳化工
700,701,702,703,705,707
模塑科技,厦门信达,正虹科技,恒逸石化,浙江震元,双环科技
708,709,710,711,712,713
中信特钢,河钢股份,贝瑞基因,*ST京蓝,锦龙股份,丰乐种业
715,716,717,718,719,720
中兴商业,黑芝麻,中南股份,苏宁环球,中原传媒,新能泰山
721,722,723,725,726,727
西安饮食,湖南发展,美锦能源,京东方A,鲁泰A,冠捷科技
728,729,731,733,735,736
国元证券,燕京啤酒,四川美丰,振华科技,罗牛山,*ST中地
737,738,739,750,751,752
北方铜业,航发控制,普洛药业,国海证券,锌业股份,ST西发
753,755,756,757,758,759
漳州发展,山西高速,新华制药,浩物股份,中色股份,中百集团
761,762,766,767,768,776
本钢板材,西藏矿业,通化金马,晋控电力,中航西飞,广发证券
777,778,779,782,783,785
中核科技,新兴铸管,甘咨询,恒申新材,长江证券,居然智家
786,788,789,790,791,792
北新建材,北大医药,万年青,华神科技,甘肃能源,盐湖股份
793,795,796,797,798,799
ST华闻,英洛华,凯撒旅业,中国武夷,中水渔业,酒鬼酒
800,801,802,803,807,809
一汽解放,四川九洲,北京文化,山高环能,云铝股份,和展能源
810,811,812,813,815,816
创维数字,冰轮环境,陕西金叶,德展健康,美利云,智慧农业
818,819,820,821,822,823
航锦科技,岳阳兴长,*ST节能,京山轻机,山东海化,超声电子
825,826,828,829,830,831
太钢不锈,启迪环境,东莞控股,天音控股,鲁西化工,中国稀土
833,836,837,838,839,848
粤桂股份,ST富通,秦川机床,财信发展,中信国安,承德露露
850,851,852,856,858,859
华茂股份,*ST高鸿,石化机械,冀东装备,五粮液,国风新材
860,861,862,863,868,869
顺鑫农业,海印股份,银星能源,三湘印象,安凯客车,张裕A
875,876,877,878,880,881
吉电股份,新希望,天山股份,云南铜业,潍柴重机,中广核技
882,883,885,886,887,888
华联股份,湖北能源,城发环境,海南高速,中鼎股份,峨眉山A
889,890,892,893,895,897
ST中嘉,法尔胜,欢瑞世纪,亚钾国际,双汇发展,津滨发展
898,899,900,901,902,903
鞍钢股份,赣能股份,现代投资,航天科技,新洋丰,云内动力
905,906,908,909,910,911
厦门港务,浙商中拓,*ST景峰,ST数源,大亚圣象,广农糖业
912,913,915,917,919,920
泸天化,钱江摩托,华特达因,电广传媒,金陵药业,沃顿科技
921,922,923,925,926,927
海信家电,佳电股份,河钢资源,众合科技,福星股份,中国铁物
928,929,930,931,932,933
中钢国际,*ST兰黄,中粮科技,中关村,华菱钢铁,神火股份
935,936,937,938,948,949
四川双马,华西股份,冀中能源,紫光股份,南天信息,新乡化纤
950,951,952,953,955,957
重药控股,中国重汽,广济药业,河化股份,欣龙控股,中通客车
958,959,960,961,962,963
电投产融,首钢股份,锡业股份,ST中南,东方钽业,华东医药
965,966,967,968,969,970
天保基建,长源电力,盈峰环境,蓝焰控股,安泰科技,中科三环
971,972,973,975,976,977
*ST高升,*ST中基,佛塑科技,山金国际,*ST华铁,浪潮信息
978,980,981,982,983,985
桂林旅游,众泰汽车,山子高科,中银绒业,山西焦煤,大庆华科
987,988,989,990,993,995
越秀资本,华工科技,九芝堂,诚志股份,闽东电力,皇台酒业
996,997,998,999,1201,1202
中期退,新大陆,隆平高科,华润三九,东瑞股份,炬申股份
1203,1205,1206,1207,1208,1209
大中矿业,盛航股份,依依股份,联科科技,华菱线缆,洪兴股份
1210,1211,1212,1213,1215,1216
金房能源,双枪科技,中旗新材,中铁特货,千味央厨,华瓷股份
1217,1218,1219,1222,1223,1225
华尔泰,丽臣实业,青岛食品,源飞宠物,欧克科技,和泰机电
1226,1227,1228,1229,1230,1231
拓山重工,兰州银行,永泰运,魅视科技,劲旅环境,农心科技
1234,1236,1238,1239,1255,1256
泰慕士,弘业期货,浙江正特,永达股份,博菲电气,炜冈科技
1258,1259,1260,1266,1267,1268
立新能源,利仁科技,坤泰股份,宏英智能,汇绿生态,联合精密
1269,1270,1277,1278,1279,1282
欧晶科技,*ST铖昌,速达股份,一彬科技,强邦新材,三联锻造
1283,1286,1287,1288,1289,1296
豪鹏科技,陕西能源,中电港,运机集团,龙源电力,长江材料
1298,1299,1300,1301,1306,1308
好上好,美能能源,三柏硕,尚太科技,夏厦精密,康冠科技
1309,1311,1313,1314,1316,1317
德明利,多利科技,粤海饲料,亿道信息,润贝航科,三羊马
1318,1319,1322,1323,1324,1326
阳光乳业,铭科精技,箭牌家居,慕思股份,长青科技,联域股份
1328,1330,1331,1332,1333,1335
登康口腔,博纳影业,胜通能源,锡装股份,光华股份,信凯科技
1336,1337,1338,1339,1356,1358
楚环科技,四川黄金,永顺泰,智微智能,富岭股份,兴欣新材
1359,1360,1366,1367,1368,1373
平安电工,南矿集团,播恩集团,海森药业,通达创智,翔腾新材
1376,1378,1379,1380,1382,1387
百通能源,德冠新材,腾达科技,华纬科技,新亚电缆,雪祺电气
1389,1390,1391,1395,1400,1696
广合科技,N古麒,国货航,亚联机械,江顺科技,宗申动力
1872,1896,1914,1965,1979,2001
招商港口,豫能控股,招商积余,招商公路,招商蛇口,新和成
2003,2004,2005,2006,2007,2008
伟星股份,华邦健康,ST德豪,精工科技,华兰生物,大族激光
2009,2010,2011,2012,2014,2015
天奇股份,传化智联,盾安环境,凯恩股份,永新股份,协鑫能科
2016,2017,2019,2020,2021,2022
世荣兆业,东信和平,亿帆医药,京新药业,中捷资源,科华生物
2023,2024,2025,2026,2027,2028
海特高新,ST易购,航天电器,山东威达,分众传媒,思源电气
2029,2030,2031,2032,2033,2034
七匹狼,达安基因,巨轮智能,苏泊尔,丽江股份,旺能环境
2035,2036,2037,2038,2039,2040
华帝股份,联创电子,保利联合,双鹭药业,黔源电力,南京港
2041,2042,2043,2044,2045,2046
登海种业,华孚时尚,兔宝宝,美年健康,国光电器,国机精工
2047,2048,2049,2050,2051,2052
*ST宝鹰,宁波华翔,紫光国微,三花智控,中工国际,*ST同洲
2053,2054,2055,2056,2057,2058
云南能投,德美化工,得润电子,横店东磁,中钢天源,*ST威尔
2059,2060,2061,2062,2063,2064
云南旅游,广东建工,浙江交科,宏润建设,远光软件,华峰化学
2065,2066,2067,2068,2069,2072
东华软件,瑞泰科技,景兴纸业,黑猫股份,獐子岛,凯瑞德
2073,2074,2075,2076,2077,2078
软控股份,国轩高科,沙钢股份,*ST星光,大港股份,太阳纸业
2079,2080,2081,2082,2083,2084
苏州固锝,中材科技,金螳螂,万邦德,孚日股份,海鸥住工
2085,2086,2087,2088,2089,2090
万丰奥威,东方海洋,新纺退,鲁阳节能,新海退,金智科技
2091,2092,2093,2094,2095,2096
江苏国泰,中泰化学,国脉科技,青岛金王,生意宝,易普力
2097,2098,2099,2100,2101,2102
山河智能,浔兴股份,海翔药业,天康生物,广东鸿图,能特科技
2103,2104,2105,2106,2107,2108
广博股份,恒宝股份,信隆健康,莱宝高科,沃华医药,沧州明珠
2109,2110,2111,2112,2114,2115
兴化股份,三钢闽光,威海广泰,三变科技,罗平锌电,三维通信
2116,2117,2119,2120,2121,2122
中国海诚,东港股份,康强电子,韵达股份,科陆电子,汇洲智能
2123,2124,2125,2126,2127,2128
梦网科技,天邦食品,湘潭电化,银轮股份,南极电商,电投能源
2129,2130,2131,2132,2133,2134
TCL中环,沃尔核材,利欧股份,恒星科技,广宇集团,天津普林
2135,2136,2137,2138,2139,2140
东南网架,安纳达,实益达,顺络电子,拓邦股份,东华科技
2141,2142,2144,2145,2146,2148
*ST贤丰,宁波银行,宏达高科,中核钛白,荣盛发展,北纬科技
2149,2150,2151,2152,2153,2154
西部材料,通润装备,北斗星通,广电运通,石基信息,报喜鸟
2155,2156,2157,2158,2159,2160
湖南黄金,通富微电,正邦科技,汉钟精机,三特索道,常铝股份
2161,2162,2163,2164,2165,2166
远望谷,悦心健康,海南发展,宁波东力,红宝丽,莱茵生物
2167,2168,2169,2170,2171,2172
东方锆业,*ST惠程,智光电气,芭田股份,楚江新材,澳洋健康
2173,2174,2175,2176,2177,2178
创新医疗,游族网络,东方智造,江特电机,御银股份,延华智能
2179,2180,2181,2182,2183,2184
中航光电,纳思达,粤传媒,宝武镁业,怡亚通,海得控制
2185,2186,2187,2188,2189,2190
华天科技,全聚德,广百股份,中天服务,中光学,成飞集成
2191,2192,2193,2194,2195,2196
劲嘉股份,融捷股份,如意集团,武汉凡谷,岩山科技,方正电机
2197,2198,2199,2200,2201,2202
ST证通,嘉应制药,*ST东晶,*ST交投,九鼎新材,金风科技
2203,2204,2205,2206,2207,2208
海亮股份,大连重工,国统股份,海利得,准油股份,合肥城建
2209,2210,2211,2212,2213,2214
达意隆,飞马国际,ST宏达,天融信,大为股份,*ST大立
2215,2216,2217,2218,2219,2221
诺普信,三全食品,*ST合泰,拓日新能,新里程,东华能源
2222,2223,2224,2225,2226,2227
福晶科技,鱼跃医疗,三力士,濮耐股份,江南化工,奥特迅
2228,2229,2230,2231,2232,2233
合兴包装,鸿博股份,科大讯飞,*ST奥维,启明信息,塔牌集团
2234,2235,2236,2237,2238,2239
民和股份,安妮股份,大华股份,恒邦股份,天威视讯,奥特佳
2240,2241,2242,2243,2244,2245
盛新锂能,歌尔股份,九阳股份,力合科创,滨江集团,蔚蓝锂芯
2246,2247,2248,2249,2250,2251
北化股份,聚力文化,华东数控,大洋电机,联化科技,步步高
2252,2253,2254,2255,2256,2258
上海莱士,*ST智胜,泰和新材,海陆重工,兆新股份,利尔化学
2259,2261,2262,2263,2264,2265
升达林业,拓维信息,恩华药业,大东南,新华都,建设工业
2266,2267,2268,2269,2270,2271
浙富控股,陕天然气,电科网安,美邦服饰,华明装备,东方雨虹
2272,2273,2274,2275,2276,2277
川润股份,水晶光电,华昌化工,桂林三金,万马股份,友阿股份
2278,2279,2280,2281,2282,2283
神开股份,久其软件,ST联络,光迅科技,博深股份,天润工业
2284,2285,2286,2287,2288,2289
亚太股份,世联行,保龄宝,奇正藏药,*ST超华,*ST宇顺
2290,2291,2292,2293,2294,2295
禾盛新材,遥望科技,奥飞娱乐,罗莱生活,信立泰,精艺股份
2296,2297,2298,2299,2300,2301
辉煌科技,博云新材,中电鑫龙,圣农发展,太阳电缆,齐心集团
2302,2303,2304,2305,2306,2307
西部建设,美盈森,洋河股份,*ST南置,*ST云网,北新路桥
2308,2309,2310,2311,2312,2313
*ST威创,*ST中利,东方园林,海大集团,川发龙蟒,日海智能
2314,2315,2316,2317,2318,2319
南山控股,焦点科技,ST亚联,众生药业,久立特材,乐通股份
2320,2321,2322,2323,2324,2325
海峡股份,华英农业,理工能科,雅博股份,普利特,*ST洪涛
2326,2327,2328,2329,2330,2331
永太科技,富安娜,新朋股份,皇氏集团,得利斯,皖通科技
2332,2333,2334,2335,2336,2337
仙琚制药,罗普斯金,英威腾,科华数据,*ST人乐,赛象科技
2338,2339,2340,2341,2342,2343
奥普光电,积成电子,格林美,ST新纶,巨力索具,慈文传媒
2344,2345,2346,2347,2348,2349
海宁皮城,潮宏基,柘中股份,泰尔股份,高乐股份,精华制药
2350,2351,2352,2353,2354,2355
北京科锐,漫步者,顺丰控股,杰瑞股份,天娱数科,兴民智通
2356,2357,2358,2360,2361,2362
赫美集团,富临运业,森源电气,同德化工,神剑股份,汉王科技
2363,2364,2365,2366,2367,2368
隆基机械,中恒电气,永安药业,融发核电,康力电梯,太极股份
2369,2370,2371,2372,2373,2374
卓翼科技,亚太药业,北方华创,伟星新材,千方科技,中锐股份
2375,2376,2377,2378,2379,2380
亚厦股份,新北洋,国创高新,章源钨业,宏创控股,科远智慧
2381,2382,2383,2384,2385,2386
双箭股份,蓝帆医疗,合众思壮,东山精密,大北农,天原股份
2387,2388,2389,2390,2391,2392
维信诺,ST新亚,航天彩虹,信邦制药,长青股份,北京利尔
2393,2394,2395,2396,2397,2398
力生制药,联发股份,双象股份,星网锐捷,梦洁股份,垒知集团
2399,2400,2401,2402,2403,2404
海普瑞,省广集团,中远海科,和而泰,爱仕达,嘉欣丝绸
2405,2406,2407,2408,2409,2410
四维图新,远东传动,多氟多,齐翔腾达,雅克科技,广联达
2412,2413,2414,2415,2416,2418
汉森制药,雷科防务,高德红外,海康威视,爱施德,康盛股份
2419,2420,2421,2422,2423,2424
天虹股份,毅昌科技,达实智能,科伦药业,中粮资本,ST百灵
2425,2426,2427,2428,2429,2430
ST凯文,胜利精密,尤夫股份,云南锗业,兆驰股份,杭氧股份
2431,2432,2433,2434,2435,2436
棕榈股份,九安医疗,太安退,万里扬,ST长康,兴森科技
2437,2438,2439,2440,2441,2442
誉衡药业,江苏神通,启明星辰,闰土股份,众业达,龙星科技
2443,2444,2445,2446,2448,2449
金洲管道,巨星科技,中南文化,盛路通信,中原内配,国星光电
2451,2452,2453,2454,2455,2456
摩恩电气,长高电新,华软科技,松芝股份,百川股份,欧菲光
2457,2458,2459,2460,2461,2462
青龙管业,益生股份,晶澳科技,赣锋锂业,珠江啤酒,嘉事堂
2463,2465,2466,2467,2468,2469
沪电股份,海格通信,天齐锂业,二六三,申通快递,三维化学
2470,2471,2472,2474,2475,2476
金正大,中超控股,双环传动,榕基软件,立讯精密,宝莫股份
2478,2479,2480,2481,2482,2483
常宝股份,富春环保,新筑股份,双塔食品,广田集团,润邦股份
2484,2485,2486,2487,2488,2489
江海股份,ST雪发,嘉麟杰,大金重工,金固股份,浙江永强
2490,2491,2492,2493,2494,2495
山东墨龙,通鼎互联,恒基达鑫,荣盛石化,华斯股份,佳隆股份
2496,2497,2498,2500,2501,2502
*ST辉丰,雅化集团,汉缆股份,山西证券,利源股份,ST鼎龙
2505,2506,2507,2508,2510,2511
鹏都农牧,协鑫集成,涪陵榨菜,老板电器,天汽模,中顺洁柔
2512,2513,2514,2515,2516,2517
达华智能,蓝丰生化,宝馨科技,金字火腿,旷达科技,恺英网络
2518,2519,2520,2521,2522,2523
科士达,银河电子,日发精机,齐峰新材,浙江众成,天桥起重
2524,2526,2527,2528,2529,2530
光正眼科,山东矿机,新时达,ST英飞拓,*ST海源,金财互联
2531,2532,2533,2534,2535,2536
天顺风能,天山铝业,金杯电工,西子洁能,林州重机,飞龙股份
2537,2538,2539,2540,2541,2542
海联金汇,司尔特,云图控股,亚太科技,鸿路钢构,中化岩土
2543,2544,2545,2546,2547,2548
万和电气,普天科技,东方铁塔,新联电子,春兴精工,金新农
2549,2550,2551,2552,2553,2554
凯美特气,千红制药,尚荣医疗,宝鼎科技,南方精工,惠博普
2555,2556,2557,2558,2559,2560
三七互娱,辉隆股份,洽洽食品,巨人网络,亚威股份,通达股份
2561,2562,2563,2564,2565,2566
徐家汇,兄弟科技,森马服饰,天沃科技,顺灏股份,益盛药业
2567,2568,2569,2570,2571,2572
唐人神,百润股份,*ST步森,贝因美,德力股份,索菲亚
2573,2574,2575,2576,2577,2578
清新环境,明牌珠宝,群兴玩具,通达动力,雷柏科技,闽发铝业
2579,2580,2581,2582,2583,2584
中京电子,圣阳股份,未名医药,好想你,海能达,西陇科学
2585,2586,2587,2588,2589,2590
双星新材,*ST围海,奥拓电子,史丹利,瑞康医药,万安科技
2591,2592,2593,2594,2595,2596
恒大高新,ST八菱,日上集团,比亚迪,豪迈科技,海南瑞泽
2597,2598,2599,2600,2601,2602
金禾实业,山东章鼓,盛通股份,领益智造,龙佰集团,ST华通
2603,2605,2606,2607,2608,2609
以岭药业,姚记科技,大连电瓷,中公教育,江苏国信,捷顺科技
2610,2611,2612,2613,2614,2615
ST爱康,东方精工,朗姿股份,北玻股份,奥佳华,哈尔斯
2616,2617,2620,2621,2622,2623
长青集团,露笑科技,ST瑞和,*ST美吉,皓宸医疗,亚玛顿
2624,2625,2626,2627,2628,2629
完美世界,光启技术,金达威,三峡旅游,成都路桥,仁智股份
2630,2631,2632,2633,2634,2635
ST华西,德尔未来,道明光学,申科股份,棒杰股份,安洁科技
2636,2637,2638,2639,2640,2641
金安国纪,赞宇科技,勤上股份,雪人股份,跨境通,公元股份
2642,2643,2644,2645,2646,2647
荣联科技,万润股份,佛慈制药,华宏科技,天佑德酒,*ST仁东
2648,2649,2650,2651,2652,2653
卫星化学,博彦科技,ST加加,利君股份,扬子新材,海思科
2654,2655,2656,2657,2658,2659
万润科技,共达电声,*ST摩登,中科金财,雪迪龙,凯文教育
2660,2661,2662,2663,2664,2665
茂硕电源,克明食品,峰璟股份,普邦股份,信质集团,ST航高
2666,2667,2668,2669,2670,2671
德联集团,威领股份,TCL智家,康达新材,国盛金控,龙泉股份
2672,2673,2674,2675,2676,2677
东江环保,西部证券,兴业科技,东诚药业,顺威股份,浙江美大
2678,2679,2681,2682,2683,2685
珠江钢琴,福建金森,奋达科技,龙洲股份,广东宏大,华东重机
2686,2687,2688,2689,2690,2691
亿利达,乔治白,金河生物,远大智能,美亚光电,冀凯股份
2692,2693,2694,2695,2696,2697
远程股份,*ST双成,顾地科技,煌上煌,百洋股份,红旗连锁
2698,2699,2700,2701,2702,2703
博实股份,*ST美盛,新疆浩源,奥瑞金,海欣食品,浙江世宝
2705,2706,2707,2708,2709,2712
新宝股份,良信股份,众信旅游,光洋股份,天赐材料,思美传媒
2713,2714,2715,2716,2717,2718
*ST东易,牧原股份,登云股份,湖南白银,ST岭南,友邦吊顶
2719,2721,2722,2723,2724,2725
麦趣尔,ST金一,物产金轮,小崧股份,海洋王,跃岭股份
2726,2727,2728,2729,2730,2731
龙大美食,一心堂,特一药业,好利科技,电光科技,萃华珠宝
2732,2733,2734,2735,2736,2737
燕塘乳业,雄韬股份,利民股份,王子新材,国信证券,葵花药业
2738,2739,2741,2742,2743,2745
中矿资源,万达电影,光华科技,*ST三圣,富煌钢构,木林森
2746,2747,2748,2749,2750,2752
仙坛股份,埃斯顿,世龙实业,国光股份,*ST龙津,昇兴股份
2753,2755,2756,2757,2758,2759
永东股份,奥赛康,永兴材料,南兴股份,浙农股份,天际股份
2760,2761,2762,2763,2765,2766
凤形股份,浙江建投,*ST金比,汇洁股份,蓝黛科技,索菱股份
2767,2768,2769,2771,2772,2773
先锋电子,国恩股份,普路通,真视通,众兴菌业,康弘药业
2774,2775,2777,2778,2779,2780
快意电梯,文科股份,久远银海,中晟高科,中坚科技,三夫户外
2782,2783,2785,2786,2787,2788
可立克,凯龙股份,万里石,银宝山新,华源控股,鹭燕医药
2789,2790,2791,2792,2793,2795
*ST建艺,瑞尔特,坚朗五金,通宇通讯,罗欣药业,永和智控
2796,2797,2798,2799,2800,2801
世嘉科技,第一创业,帝欧家居,环球印务,天顺股份,微光股份
2802,2803,2805,2806,2807,2808
洪汇新材,吉宏股份,丰元股份,华锋股份,江阴银行,*ST恒久
2809,2810,2811,2812,2813,2815
红墙股份,山东赫达,郑中设计,恩捷股份,路畅科技,崇达技术
2816,2817,2818,2819,2820,2821
*ST和科,黄山胶囊,富森美,东方中科,桂发祥,凯莱英
2822,2823,2824,2825,2826,2827
ST中装,凯中精密,和胜股份,纳尔股份,易明医药,高争民爆
2828,2829,2830,2831,2832,2833
贝肯能源,星网宇达,名雕股份,裕同科技,比音勒芬,弘亚数控
2835,2836,2837,2838,2839,2840
同为股份,新宏泽,英维克,道恩股份,张家港行,华统股份
2841,2842,2843,2845,2846,2847
视源股份,翔鹭钨业,泰嘉股份,同兴达,英联股份,盐津铺子
2848,2849,2850,2851,2852,2853
*ST高斯,威星智能,科达利,麦格米特,道道全,皮阿诺
2855,2856,2857,2858,2859,2860
捷荣技术,美芝股份,三晖电气,力盛体育,洁美科技,星帅尔
2861,2862,2863,2864,2865,2866
瀛通通讯,实丰文化,今飞凯达,盘龙药业,钧达股份,传艺科技
2867,2868,2869,2870,2871,2872
周大生,*ST绿康,金溢科技,香山股份,伟隆股份,ST天圣
2873,2875,2876,2877,2878,2879
新天药业,安奈儿,三利谱,智能自控,元隆雅图,长缆科技
2880,2881,2882,2883,2884,2885
卫光生物,美格智能,金龙羽,中设股份,凌霄泵业,京泉华
2886,2887,2888,2889,2890,2891
沃特股份,绿茵生态,惠威科技,东方嘉盛,弘宇股份,中宠股份
2892,2893,2895,2896,2897,2898
科力尔,京能热力,川恒股份,中大力德,意华股份,*ST赛隆
2899,2900,2901,2902,2903,2905
英派斯,哈三联,大博医疗,铭普光磁,宇环数控,金逸影视
2906,2907,2908,2909,2910,2911
华阳集团,华森制药,德生科技,集泰股份,庄园牧场,佛燃能源
2912,2913,2915,2916,2917,2918
中新赛克,奥士康,中欣氟材,深南电路,金奥博,蒙娜丽莎
2919,2920,2921,2922,2923,2925
名臣健康,德赛西威,联诚精密,伊戈尔,润都股份,盈趣科技
2926,2927,2928,2929,2930,2931
华西证券,泰永长征,华夏航空,润建股份,宏川智慧,锋龙股份
2932,2933,2935,2936,2937,2938
明德生物,新兴装备,天奥电子,郑州银行,兴瑞科技,鹏鼎控股
2939,2940,2941,2942,2943,2945
长城证券,昂利康,新疆交建,新农股份,宇晶股份,华林证券
2946,2947,2948,2949,2950,2951
新乳业,恒铭达,青岛银行,华阳国际,奥美医疗,金时科技
2952,2953,2955,2956,2957,2958
亚世光电,日丰股份,鸿合科技,西麦食品,科瑞技术,青农商行
2959,2960,2961,2962,2963,2965
小熊电器,青鸟消防,瑞达期货,五方光电,豪尔赛,祥鑫科技
2966,2967,2968,2969,2970,2971
苏州银行,广电计量,新大正,嘉美包装,锐明技术,和远气体
2972,2973,2975,2976,2977,2978
科安达,侨银股份,博杰股份,瑞玛精密,天箭科技,安宁股份
2979,2980,2981,2982,2983,2984
雷赛智能,华盛昌,朝阳科技,湘佳股份,芯瑞达,森麒麟
2985,2986,2987,2988,2989,2990
北摩高科,宇新股份,京北方,豪美新材,中天精装,盛视科技
2991,2992,2993,2995,2996,2997
甘源食品,宝明科技,奥海科技,天地在线,顺博合金,瑞鹄模具
2998,2999,3000,3001,3002,3003
优彩资源,天禾股份,劲仔食品,中岩大地,壶化股份,天元股份
3004,3005,3006,3007,3008,3009
*ST声迅,竞业达,百亚股份,直真科技,开普检测,中天火箭
3010,3011,3012,3013,3015,3016
若羽臣,海象新材,东鹏控股,地铁设计,日久光电,欣贺股份
3017,3018,3019,3020,3021,3022
大洋生物,金富科技,宸展光电,立方制药,兆威机电,联泓新科
3023,3025,3026,3027,3028,3029
彩虹集团,思进智能,中晶科技,同兴科技,振邦智能,吉大正元
3030,3031,3032,3033,3035,3036
祖名股份,中瓷电子,*ST传智,征和工业,南网能源,泰坦股份
3037,3038,3039,3040,3041,3042
三和管桩,鑫铂股份,顺控发展,楚天龙,真爱美家,中农联合
3043,3816,300001,300002,300003,300004
华亚智能,中国广核,特锐德,神州泰岳,乐普医疗,南风股份
300005,300006,300007,300008,300009,300010
探路者,莱美药业,汉威科技,天海防务,安科生物,豆神教育
300011,300012,300013,300014,300015,300016
鼎汉技术,华测检测,新宁物流,亿纬锂能,爱尔眼科,北陆药业
300017,300018,300019,300020,300021,300022
网宿科技,中元股份,硅宝科技,ST银江,大禹节水,吉峰科技
300024,300025,300026,300027,300029,300030
机器人,华星创业,红日药业,华谊兄弟,*ST天龙,阳普医疗
300031,300032,300033,300034,300035,300036
宝通科技,金龙机电,同花顺,钢研高纳,中科电气,超图软件
300037,300039,300040,300041,300042,300043
新宙邦,上海凯宝,九洲集团,回天新材,朗科科技,星辉娱乐
300044,300045,300046,300047,300048,300049
ST赛为,华力创通,台基股份,天源迪科,合康新能,福瑞股份
300050,300051,300052,300053,300054,300055
世纪鼎利,琏升科技,ST中青宝,航宇微,鼎龙股份,万邦达
300056,300057,300058,300059,300061,300062
中创环保,万顺新材,蓝色光标,东方财富,旗天科技,中能电气
300063,300065,300066,300067,300068,300069
天龙集团,海兰信,三川智慧,安诺其,南都电源,金利华电
300070,300071,300072,300073,300074,300075
碧水源,福石控股,海新能科,当升科技,华平股份,数字政通
300076,300077,300078,300079,300080,300081
GQY视讯,国民技术,思创医惠,数码视讯,易成新能,恒信东方
300082,300083,300084,300085,300086,300087
奥克股份,创世纪,海默科技,银之杰,康芝药业,荃银高科
300088,300091,300092,300093,300094,300095
长信科技,金通灵,科新机电,*ST金刚,国联水产,华伍股份
300096,300097,300098,300099,300100,300101
ST易联众,ST智云,高新兴,尤洛卡,双林股份,振芯科技
300102,300103,300105,300106,300107,300108
乾照光电,达刚控股,龙源技术,西部牧业,建新股份,*ST吉药
300109,300110,300111,300112,300113,300114
新开源,华仁药业,向日葵,万讯自控,顺网科技,中航电测
300115,300116,300117,300118,300119,300120
长盈精密,*ST保力,*ST嘉寓,东方日升,瑞普生物,经纬辉开
300121,300122,300123,300124,300125,300126
阳谷华泰,智飞生物,亚光科技,汇川技术,*ST聆达,锐奇股份
300127,300128,300129,300130,300131,300132
银河磁体,锦富技术,泰胜风能,新国都,英唐智控,青松股份
300133,300134,300135,300136,300137,300138
华策影视,大富科技,宝利国际,信维通信,ST先河,晨光生物
300139,300140,300141,300142,300143,300144
晓程科技,节能环境,和顺电气,沃森生物,盈康生命,宋城演艺
300145,300146,300147,300148,300149,300150
南方泵业,汤臣倍健,ST香雪,天舟文化,睿智医药,世纪瑞尔
300151,300152,300153,300154,300155,300157
昌红科技,ST新动力,科泰电源,瑞凌股份,安居宝,新锦动力
300158,300159,300160,300161,300162,300163
振东制药,*ST新研,秀强股份,华中数控,雷曼光电,ST先锋
300164,300165,300166,300167,300168,300169
通源石油,ST天瑞,东方国信,*ST迪威,万达信息,天晟新材
300170,300171,300172,300173,300174,300175
汉得信息,东富龙,中电环保,福能东方,元力股份,ST朗源
300176,300177,300179,300180,300181,300182
鸿特科技,中海达,四方达,华峰超纤,佐力药业,捷成股份
300183,300184,300185,300187,300188,300189
东软载波,力源信息,通裕重工,永清环保,国投智能,神农种业
300190,300191,300192,300193,300194,300195
维尔利,潜能恒信,科德教育,佳士科技,福安药业,长荣股份
300196,300197,300198,300199,300200,300201
长海股份,节能铁汉,ST纳川,翰宇药业,高盟新材,海伦哲
300203,300204,300205,300206,300207,300208
聚光科技,舒泰神,*ST天喻,理邦仪器,欣旺达,*ST中程
300209,300210,300211,300212,300213,300214
有棵树,森远股份,*ST亿通,易华录,佳讯飞鸿,日科化学
300215,300217,300218,300219,300220,300221
电科院,东方电热,安利股份,鸿利智汇,金运激光,银禧科技
300222,300223,300224,300225,300226,300227
科大智能,北京君正,正海磁材,金力泰,上海钢联,光韵达
300228,300229,300230,300231,300232,300233
富瑞特装,拓尔思,永利股份,银信科技,洲明科技,金城医药
300234,300235,300236,300237,300238,300239
开尔新材,方直科技,上海新阳,美晨科技,冠昊生物,东宝生物
300240,300241,300242,300243,300244,300245
飞力达,瑞丰光电,佳云科技,瑞丰高材,迪安诊断,天玑科技
300246,300247,300248,300249,300250,300251
宝莱特,融捷健康,新开普,依米康,初灵信息,光线传媒
300252,300253,300254,300255,300256,300257
金信诺,卫宁健康,仟源医药,常山药业,星星科技,开山股份
300258,300259,300260,300261,300262,300263
精锻科技,新天科技,新莱应材,雅本化学,*ST巴安,隆华科技
300264,300265,300266,300267,300268,300269
佳创视讯,通光线缆,兴源环境,尔康制药,*ST佳沃,联建光电
300270,300271,300272,300274,300275,300276
中威电子,华宇软件,开能健康,阳光电源,梅安森,三丰智能
300277,300278,300279,300280,300281,300282
海联讯,华昌达,和晶科技,*ST紫天,金明精机,三盛退
300283,300284,300285,300286,300287,300288
温州宏丰,苏交科,国瓷材料,安科瑞,飞利信,朗玛信息
300289,300290,300291,300292,300293,300294
利德曼,荣科科技,百纳千成,吴通控股,蓝英装备,博雅生物
300295,300296,300298,300299,300300,300301
三六五网,利亚德,三诺生物,富春股份,ST峡创,*ST长方
300302,300303,300304,300305,300306,300307
同有科技,聚飞光电,云意电气,裕兴股份,远方信息,慈星股份
300308,300310,300311,300313,300314,300315
中际旭创,宜通世纪,任子行,*ST天山,戴维医疗,掌趣科技
300316,300317,300318,300319,300320,300321
晶盛机电,珈伟新能,博晖创新,麦捷科技,海达股份,同大股份
300322,300323,300324,300326,300327,300328
硕贝德,华灿光电,旋极信息,ST凯利,中颖电子,宜安科技
300329,300331,300332,300333,300334,300335
海伦钢琴,苏大维格,天壕能源,兆日科技,津膜科技,迪森股份
300337,300338,300339,300340,300341,300342
银邦股份,*ST开元,润和软件,科恒股份,麦克奥迪,天银机电
300343,300344,300345,300346,300347,300348
ST联创,ST立方,华民股份,南大光电,泰格医药,长亮科技
300349,300350,300351,300352,300353,300354
金卡智能,华鹏飞,永贵电器,北信源,东土科技,东华测试
300355,300357,300358,300359,300360,300363
蒙草生态,我武生物,楚天科技,全通教育,炬华科技,博腾股份
300364,300365,300366,300368,300369,300370
中文在线,恒华科技,创意信息,汇金股份,绿盟科技,安控科技
300371,300373,300374,300375,300376,300377
汇中股份,扬杰科技,中铁装配,鹏翎股份,ST易事特,赢时胜
300378,300379,300380,300381,300382,300383
鼎捷数智,*ST东通,安硕信息,溢多利,斯莱克,光环新网
300384,300385,300386,300387,300388,300389
三联虹普,雪浪环境,飞天诚信,富邦科技,节能国祯,艾比森
300390,300391,300393,300394,300395,300396
天华新能,*ST长药,中来股份,天孚通信,菲利华,迪瑞医疗
300397,300398,300399,300400,300401,300402
天和防务,飞凯材料,天利科技,劲拓股份,花园生物,宝色股份
300403,300404,300405,300406,300407,300408
汉宇集团,博济医药,科隆股份,九强生物,凯发电气,三环集团
300409,300410,300411,300412,300413,300414
道氏技术,正业科技,金盾股份,迦南科技,芒果超媒,中光防雷
300415,300416,300417,300418,300419,300420
伊之密,苏试试验,南华仪器,昆仑万维,ST浩丰,五洋自控
300421,300422,300423,300424,300425,300426
力星股份,博世科,昇辉科技,航新科技,中建环能,华智数媒
300427,300428,300429,300430,300432,300433
红相股份,立中集团,强力新材,诚益通,富临精工,蓝思科技
300434,300435,300436,300437,300438,300439
金石亚药,中泰股份,广生堂,清水源,鹏辉能源,美康生物
300440,300441,300442,300443,300444,300445
运达科技,鲍斯股份,润泽科技,金雷股份,双杰电气,康斯特
300446,300447,300448,300449,300450,300451
航天智造,全信股份,浩云科技,汉邦高科,先导智能,创业慧康
300452,300453,300454,300455,300456,300457
山河药辅,三鑫医疗,深信服,航天智装,赛微电子,赢合科技
300458,300459,300460,300461,300462,300463
全志科技,汤姆猫,惠伦晶体,田中精机,华铭智能,迈克生物
300464,300465,300466,300467,300468,300469
星徽股份,高伟达,赛摩智能,迅游科技,四方精创,信息发展
300470,300471,300472,300473,300474,300475
中密控股,厚普股份,*ST新元,德尔股份,景嘉微,香农芯创
300476,300477,300478,300479,300480,300481
胜宏科技,ST合纵,杭州高新,神思电子,光力科技,濮阳惠成
300482,300483,300484,300485,300486,300487
万孚生物,首华燃气,蓝海华腾,赛升药业,东杰智能,蓝晓科技
300488,300489,300490,300491,300492,300493
恒锋工具,光智科技,华自科技,通合科技,华图山鼎,润欣科技
300494,300495,300496,300497,300498,300499
盛天网络,*ST美尚,中科创达,富祥药业,温氏股份,高澜股份
300500,300501,300502,300503,300504,300505
启迪设计,海顺新材,新易盛,昊志机电,天邑股份,川金诺
300506,300507,300508,300509,300510,300511
ST名家汇,苏奥传感,维宏股份,新美星,金冠股份,雪榕生物
300512,300513,300514,300515,300516,300517
中亚股份,恒实科技,友讯达,三德科技,久之洋,海波重科
300518,300519,300520,300521,300522,300523
新迅达,新光药业,科大国创,爱司凯,世名科技,辰安科技
300525,300527,300528,300529,300530,300531
博思软件,中船应急,幸福蓝海,健帆生物,领湃科技,优博讯
300532,300533,300534,300535,300536,300537
今天国际,冰川网络,陇神戎发,达威股份,农尚环境,广信材料
300538,300539,300540,300541,300542,300543
同益股份,横河精密,蜀道装备,先进数通,新晨科技,朗科智能
300545,300546,300547,300548,300549,300550
联得装备,雄帝科技,川环科技,博创科技,优德精密,和仁科技
300551,300552,300553,300554,300555,300556
古鳌科技,万集科技,集智股份,三超新材,ST路通,丝路视觉
300557,300558,300559,300560,300561,300562
理工光科,贝达药业,佳发教育,中富通,*ST汇科,乐心医疗
300563,300564,300565,300566,300567,300568
神宇股份,筑博设计,科信技术,激智科技,精测电子,星源材质
300569,300570,300571,300572,300573,300575
天能重工,太辰光,平治信息,安车检测,兴齐眼药,中旗股份
300576,300577,300578,300579,300580,300581
容大感光,开润股份,会畅通讯,数字认证,贝斯特,晨曦航空
300582,300583,300584,300585,300586,300587
英飞特,赛托生物,海辰药业,奥联电子,美联新材,天铁科技
300588,300589,300590,300591,300592,300593
熙菱信息,江龙船艇,移为通信,万里马,华凯易佰,新雷能
300594,300595,300596,300597,300598,300599
朗进科技,欧普康视,利安隆,吉大通信,诚迈科技,雄塑科技
300600,300601,300602,300603,300604,300605
ST瑞科,康泰生物,飞荣达,立昂技术,长川科技,恒锋信息
300606,300607,300608,300609,300610,300611
金太阳,拓斯达,思特奇,汇纳科技,晨化股份,美力科技
300612,300613,300614,300615,300616,300617
宣亚国际,富瀚微,百川畅银,欣天科技,尚品宅配,安靠智电
300618,300619,300620,300621,300622,300623
寒锐钴业,金银河,光库科技,维业股份,博士眼镜,捷捷微电
300624,300625,300626,300627,300628,300629
万兴科技,三雄极光,华瑞股份,华测导航,亿联网络,新劲刚
300630,300631,300632,300633,300634,300635
普利退,久吾高科,光莆股份,开立医疗,彩讯股份,中达安
300636,300637,300638,300639,300640,300641
同和药业,扬帆新材,广和通,凯普生物,德艺文创,正丹股份
300642,300643,300644,300645,300647,300648
透景生命,万通智控,南京聚隆,正元智慧,超频三,星云股份
300649,300650,300651,300652,300653,300654
杭州园林,太龙股份,金陵体育,雷迪克,正海生物,世纪天鸿
300655,300656,300657,300658,300659,300660
晶瑞电材,民德电子,弘信电子,延江股份,中孚信息,江苏雷利
300661,300662,300663,300664,300665,300666
圣邦股份,科锐国际,科蓝软件,鹏鹞环保,飞鹿股份,江丰电子
300667,300668,300669,300670,300671,300672
必创科技,杰恩设计,沪宁股份,大烨智能,富满微,国科微
300673,300674,300675,300676,300677,300678
佩蒂股份,宇信科技,建科院,华大基因,英科医疗,中科信息
300679,300680,300681,300682,300683,300684
电连技术,隆盛科技,英搏尔,朗新集团,海特生物,中石科技
300685,300686,300687,300688,300689,300690
艾德生物,智动力,赛意信息,创业黑马,澄天伟业,双一科技
300691,300692,300693,300694,300695,300696
联合光电,中环环保,盛弘股份,蠡湖股份,兆丰股份,爱乐达
300697,300698,300699,300700,300701,300702
电工合金,万马科技,光威复材,岱勒新材,森霸传感,天宇股份
300703,300705,300706,300707,300708,300709
创源股份,九典制药,阿石创,威唐工业,聚灿光电,精研科技
300710,300711,300712,300713,300715,300716
万隆光电,广哈通信,永福股份,英可瑞,凯伦股份,ST泉为
300717,300718,300719,300720,300721,300722
华信新材,长盛轴承,安达维尔,海川智能,怡达股份,新余国科
300723,300724,300725,300726,300727,300729
一品红,捷佳伟创,药石科技,宏达电子,润禾材料,乐歌股份
300730,300731,300732,300733,300735,300736
科创信息,科创新源,设研院,西菱动力,光弘科技,百邦科技
300737,300738,300739,300740,300741,300742
科顺股份,奥飞数据,明阳电路,水羊股份,华宝股份,越博退
300743,300745,300746,300747,300748,300749
天地数码,欣锐科技,汉嘉设计,锐科激光,金力永磁,顶固集创
300750,300751,300752,300753,300755,300756
宁德时代,迈为股份,隆利科技,爱朋医疗,华致酒行,金马游乐
300757,300758,300759,300760,300761,300762
罗博特科,七彩化学,康龙化成,迈瑞医疗,立华股份,上海瀚讯
300763,300765,300766,300767,300768,300769
锦浪科技,新诺威,每日互动,震安科技,迪普科技,德方纳米
300770,300771,300772,300773,300774,300775
新媒股份,智莱科技,运达股份,拉卡拉,倍杰特,三角防务
300776,300777,300778,300779,300780,300781
帝尔激光,中简科技,新城市,惠城环保,德恩精工,因赛集团
300782,300783,300784,300785,300786,300787
卓胜微,三只松鼠,利安科技,值得买,国林科技,海能实业
300788,300789,300790,300791,300792,300793
中信出版,唐源电气,宇瞳光学,仙乐健康,壹网壹创,佳禾智能
300795,300796,300797,300798,300799,300800
米奥会展,贝斯美,钢研纳克,锦鸡股份,左江退,力合科技
300801,300802,300803,300804,300805,300806
泰和科技,矩子科技,指南针,广康生化,电声股份,斯迪克
300807,300808,300809,300810,300811,300812
天迈科技,久量股份,华辰装备,中科海讯,铂科新材,易天股份
300813,300814,300815,300816,300817,300818
泰林生物,中富电路,玉禾田,艾可蓝,双飞集团,耐普矿机
300819,300820,300821,300822,300823,300824
聚杰微纤,英杰电气,东岳硅材,贝仕达克,建科智能,北鼎股份
300825,300826,300827,300828,300829,300830
阿尔特,测绘股份,上能电气,锐新科技,金丹科技,金现代
300831,300832,300833,300834,300835,300836
派瑞股份,新产业,浩洋股份,星辉环材,龙磁科技,佰奥智能
300837,300838,300839,300840,300841,300842
浙矿股份,浙江力诺,博汇股份,酷特智能,康华生物,帝科股份
300843,300844,300845,300846,300847,300848
胜蓝股份,山水比德,捷安高科,首都在线,中船汉光,美瑞新材
300849,300850,300851,300852,300853,300854
锦盛新材,新强联,交大思诺,四会富仕,申昊科技,中兰环保
300855,300856,300857,300858,300859,300860
图南股份,科思股份,协创数据,科拓生物,西域旅游,锋尚文化
300861,300862,300863,300864,300865,300866
美畅股份,蓝盾光电,卡倍亿,南大环境,大宏立,安克创新
300867,300868,300869,300870,300871,300872
圣元环保,杰美特,康泰医学,欧陆通,回盛生物,天阳科技
300873,300875,300876,300877,300878,300879
海晨股份,捷强装备,蒙泰高新,金春股份,维康药业,大叶股份
300880,300881,300882,300883,300884,300885
迦南智能,盛德鑫泰,万胜智能,龙利得,狄耐克,海昌新材
300886,300887,300888,300889,300890,300891
华业香料,谱尼测试,稳健医疗,爱克股份,翔丰华,惠云钛业
300892,300893,300894,300895,300896,300897
品渥食品,松原安全,火星人,铜牛信息,爱美客,山科智能
300898,300899,300900,300901,300902,300903
熊猫乳品,*ST凯鑫,广联航空,中胤时尚,国安达,科翔股份
300904,300905,300906,300907,300908,300909
威力传动,宝丽迪,日月明,康平科技,仲景食品,汇创达
300910,300911,300912,300913,300915,300916
瑞丰新材,亿田智能,凯龙高科,兆龙互连,海融科技,朗特智能
300917,300918,300919,300920,300921,300922
特发服务,南山智尚,中伟股份,润阳科技,南凌科技,天秦装备
300923,300925,300926,300927,300928,300929
研奥股份,法本信息,博俊科技,江天化学,华安鑫创,华骐环保
300930,300931,300932,300933,300935,300936
屹通新材,通用电梯,三友联众,中辰股份,盈建科,中英科技
300937,300938,300939,300940,300941,300942
药易购,信测标准,秋田微,南极光,创识科技,易瑞生物
300943,300945,300946,300947,300948,300949
春晖智控,曼卡龙,恒而达,德必集团,冠中生态,奥雅股份
300950,300951,300952,300953,300955,300956
德固特,博硕科技,恒辉安防,震裕科技,嘉亨家化,英力股份
300957,300958,300959,300960,300961,300962
贝泰妮,建工修复,线上线下,通业科技,深水海纳,中金辐照
300963,300964,300965,300966,300967,300968
中洲特材,本川智能,恒宇信通,共同药业,晓鸣股份,格林精密
300969,300970,300971,300972,300973,300975
恒帅股份,华绿生物,博亚精工,万辰集团,立高食品,商络电子
300976,300977,300978,300979,300980,300981
达瑞电子,深圳瑞捷,东箭科技,华利集团,祥源新材,中红医疗
300982,300983,300984,300985,300986,300987
苏文电能,尤安设计,金沃股份,致远新能,志特新材,川网传媒
300988,300989,300990,300991,300992,300993
津荣天宇,蕾奥规划,同飞股份,创益通,泰福泵业,玉马科技
300994,300995,300996,300997,300998,300999
久祺股份,奇德新材,普联软件,欢乐家,宁波方正,金龙鱼
301000,301001,301002,301003,301004,301005
肇民科技,凯淳股份,崧盛股份,江苏博云,嘉益股份,超捷股份
301006,301007,301008,301009,301010,301011
迈拓股份,德迈仕,宏昌科技,可靠股份,晶雪节能,华立科技
301012,301013,301015,301016,301017,301018
扬电科技,利和兴,百洋医药,雷尔伟,漱玉平民,申菱环境
301019,301020,301021,301022,301023,301024
宁波色母,密封科技,英诺激光,海泰科,江南奕帆,霍普股份
301025,301026,301027,301028,301029,301030
读客文化,浩通科技,华蓝集团,东亚机械,怡合达,仕净科技
301031,301032,301033,301035,301036,301037
中熔电气,新柴股份,迈普医学,润丰股份,双乐股份,保立佳
301038,301039,301040,301041,301042,301043
深水规院,中集车辆,中环海陆,金百泽,安联锐视,绿岛风
301045,301046,301047,301048,301049,301050
天禄科技,能辉科技,义翘神州,金鹰重工,超越科技,雷电微力
301051,301052,301053,301055,301056,301057
信濠光电,果麦文化,远信工业,张小泉,森赫股份,汇隆新材
301058,301059,301060,301061,301062,301063
中粮科工,金三江,兰卫医学,匠心家居,上海艾录,海锅股份
301065,301066,301067,301068,301069,301070
本立科技,万事利,显盈科技,大地海洋,凯盛新材,开勒股份
301071,301072,301073,301075,301076,301077
力量钻石,中捷精工,君亭酒店,多瑞医药,新瀚新材,星华新材
301078,301079,301080,301081,301082,301083
孩子王,邵阳液压,百普赛斯,严牌股份,久盛电气,百胜智能
301085,301086,301087,301088,301089,301090
亚康股份,鸿富瀚,可孚医疗,戎美股份,拓新药业,华润材料
301091,301092,301093,301095,301096,301097
深城交,争光股份,华兰股份,广立微,百诚医药,天益医疗
301098,301099,301100,301101,301102,301103
金埔园林,雅创电子,风光股份,明月镜片,兆讯传媒,何氏眼科
301105,301106,301107,301108,301109,301110
鸿铭股份,骏成科技,瑜欣电子,洁雅股份,军信股份,青木科技
301111,301112,301113,301115,301116,301117
粤万年青,信邦智能,雅艺科技,联检科技,益客食品,佳缘科技
301118,301119,301120,301121,301122,301123
恒光股份,正强股份,新特电气,紫建电子,采纳股份,奕东电子
301125,301126,301127,301128,301129,301130
腾亚精工,达嘉维康,武汉天源,强瑞技术,瑞纳智能,西点药业
301131,301132,301133,301135,301136,301137
聚赛龙,满坤科技,金钟股份,瑞德智能,招标股份,哈焊华通
301138,301139,301141,301148,301149,301150
华研精机,元道通信,中科磁业,嘉戎技术,隆华新材,中一科技
301151,301152,301153,301155,301156,301157
冠龙节能,天力锂能,中科江南,海力风电,美农生物,华塑科技
301158,301159,301160,301161,301162,301163
德石股份,三维天地,翔楼新材,唯万密封,国能日新,宏德股份
301165,301166,301167,301168,301169,301170
锐捷网络,优宁维,建研设计,通灵股份,零点有数,锡南科技
301171,301172,301173,301175,301176,301177
易点天下,君逸数码,毓恬冠佳,中科环保,逸豪新材,迪阿股份
301178,301179,301180,301181,301182,301183
天亿马,泽宇智能,万祥科技,标榜股份,凯旺科技,东田微
301185,301186,301187,301188,301189,301190
鸥玛软件,超达装备,欧圣电气,力诺药包,奥尼电子,善水科技
301191,301192,301193,301195,301196,301197
菲菱科思,泰祥股份,家联科技,北路智控,唯科科技,工大科雅
301198,301199,301200,301201,301202,301203
喜悦智行,迈赫股份,大族数控,诚达药业,朗威股份,国泰环保
301205,301206,301207,301208,301209,301210
联特科技,三元生物,华兰疫苗,中亦科技,联合化学,金杨股份
301211,301212,301213,301215,301216,301217
亨迪药业,联盛化学,观想科技,中汽股份,万凯新材,铜冠铜箔
301218,301219,301220,301221,301222,301223
华是科技,腾远钴业,亚香股份,光庭信息,浙江恒威,中荣股份
301225,301226,301227,301228,301229,301230
恒勃股份,祥明智能,森鹰窗业,实朴检测,纽泰格,泓博医药
301231,301232,301233,301234,301235,301236
荣信文化,飞沃科技,盛帮股份,五洲医疗,华康洁净,软通动力
301237,301238,301239,301246,301248,301251
和顺科技,瑞泰新材,普瑞眼科,宏源药业,杰创智能,威尔高
301252,301255,301256,301257,301258,301259
同星科技,通力科技,华融化学,普蕊斯,富士莱,艾布鲁
301260,301261,301262,301263,301265,301266
格力博,恒工精密,海看股份,泰恩康,华新环保,宇邦新材
301267,301268,301269,301270,301272,301273
华厦眼科,铭利达,华大九天,汉仪股份,英华特,瑞晨环保
301275,301276,301277,301278,301279,301280
汉朔科技,嘉曼服饰,新天地,快可电子,金道科技,珠城科技
301281,301282,301283,301285,301286,301287
科源制药,金禄电子,聚胶股份,鸿日达,侨源股份,康力源
301288,301289,301290,301291,301292,301293
*ST清研,国缆检测,东星医疗,明阳电气,海科新源,三博脑科
301295,301296,301297,301298,301299,301300
美硕科技,新巨丰,富乐德,东利机械,卓创资讯,远翔新材
301301,301302,301303,301305,301306,301307
川宁生物,华如科技,真兰仪表,朗坤科技,西测测试,美利信
301308,301309,301310,301311,301312,301313
江波龙,万得凯,鑫宏业,昆船智能,智立方,凡拓数创
301314,301315,301316,301317,301318,301319
科瑞思,威士顿,慧博云通,鑫磊股份,维海德,唯特偶
301320,301321,301322,301323,301325,301326
豪江智能,翰博高新,绿通科技,新莱福,曼恩斯特,捷邦科技
301327,301328,301329,301330,301331,301332
华宝新能,维峰电子,信音电子,熵基科技,恩威医药,德尔玛
301333,301335,301336,301337,301338,301339
诺思格,天元宠物,趣睡科技,亚华电子,凯格精机,通行宝
301345,301348,301349,301353,301355,301356
涛涛车业,蓝箭电子,信德新材,普莱得,南王科技,天振股份
301357,301358,301359,301360,301361,301362
北方长龙,湖南裕能,东南电子,荣旗科技,众智科技,民爆光电
301363,301365,301366,301367,301368,301369
美好医疗,矩阵股份,一博科技,瑞迈特,丰立智能,联动科技
301370,301371,301372,301373,301376,301377
国科恒泰,敷尔佳,科净源,凌玮科技,致欧科技,鼎泰高科
301378,301379,301380,301381,301382,301383
通达海,天山电子,挖金客,赛维时代,蜂助手,天键股份
301386,301387,301388,301389,301390,301391
未来电器,光大同创,欣灵电气,隆扬电子,经纬股份,卡莱特
301392,301393,301395,301396,301397,301398
汇成真空,昊帆生物,仁信新材,宏景科技,溯联股份,星源卓镁
301399,301408,301413,301418,301419,301421
英特科技,华人健康,安培龙,协昌科技,阿莱德,波长光电
301428,301429,301439,301446,301448,301456
世纪恒通,森泰股份,泓淋电力,福事特,开创电气,盘古智能
301458,301459,301468,301469,301479,301486
钧崴电子,丰茂股份,博盈特焊,恒达新材,弘景光电,致尚科技
301487,301488,301489,301498,301499,301500
盟固利,豪恩汽电,思泉新材,乖宝宠物,维科精密,飞南资源
301501,301502,301503,301505,301507,301508
恒鑫生活,华阳智能,智迪科技,苏州规划,民生健康,中机认检
301509,301510,301511,301512,301515,301516
金凯生科,固高科技,德福科技,智信精密,港通医疗,中远通
301517,301518,301519,301520,301522,301525
陕西华达,长华化学,舜禹股份,万邦医药,上大股份,儒竞科技
301526,301528,301529,301533,301535,301536
国际复材,多浦乐,福赛科技,威马农机,浙江华远,星宸科技
301538,301539,301548,301550,301551,301552
骏鼎达,宏鑫科技,崇德科技,斯菱股份,无线传媒,科力装备
301555,301556,301557,301558,301559,301560
惠柏新材,托普云农,常友科技,三态股份,中集环科,众捷汽车
301565,301566,301567,301568,301571,301577
中仑新材,达利凯普,贝隆精密,思泰克,国科天成,美信科技
301578,301580,301581,301585,301586,301587
辰奕智能,爱迪特,黄山谷捷,蓝宇股份,佳力奇,中瑞股份
301588,301589,301591,301592,301595,301596
美新科技,诺瓦星云,肯特股份,六九一二,太力科技,瑞迪智驱
301598,301600,301601,301602,301603,301606
博科测试,慧翰股份,惠通科技,超研股份,乔锋智能,绿联科技
301607,301608,301611,301613,301616,301617
富特科技,博实结,珂玛科技,新铝时代,浙江华业,博苑股份
301618,301622,301626,301628,301629,301631
长联科技,英思特,苏州天脉,强达电路,矽电股份,壹连科技
301633,301636,301658,301662,301665,302132
港迪技术,泽润新能,首航新能,宏工科技,泰禾股份,中航成飞
430017,430047,430090,430139,430198,430300
星昊医药,诺思兰德,同辉信息,华岭股份,微创光电,辰光医疗
430418,430425,430476,430478,430489,430510
苏轴股份,乐创技术,海能技术,峆一药业,佳先股份,丰光精密
430556,430564,430685,430718,600000,600004
雅达股份,天润科技,新芝生物,合肥高科,浦发银行,白云机场
600006,600007,600008,600009,600010,600011
东风股份,中国国贸,首创环保,上海机场,包钢股份,华能国际
600012,600015,600016,600017,600018,600019
皖通高速,华夏银行,民生银行,日照港,上港集团,宝钢股份
600020,600021,600022,600023,600025,600026
中原高速,上海电力,山东钢铁,浙能电力,华能水电,中远海能
600027,600028,600029,600030,600031,600032
华电国际,中国石化,南方航空,中信证券,三一重工,浙江新能
600033,600035,600036,600037,600038,600039
福建高速,楚天高速,招商银行,歌华有线,中直股份,四川路桥
600048,600050,600051,600052,600053,600054
保利发展,中国联通,宁波联合,东望时代,九鼎投资,黄山旅游
600055,600056,600057,600058,600059,600060
万东医疗,中国医药,厦门象屿,五矿发展,古越龙山,海信视像
600061,600062,600063,600064,600066,600067
国投资本,华润双鹤,皖维高新,南京高科,宇通客车,冠城新材
600070,600071,600072,600073,600075,600076
*ST富润,凤凰光学,中船科技,光明肉业,新疆天业,康欣新材
600078,600079,600080,600081,600082,600083
澄星股份,人福医药,金花股份,东风科技,海泰发展,*ST博信
600084,600085,600088,600089,600094,600095
中信尼雅,同仁堂,中视传媒,特变电工,大名城,湘财股份
600096,600097,600098,600099,600100,600101
云天化,开创国际,广州发展,林海股份,同方股份,明星电力
600103,600104,600105,600106,600107,600108
青山纸业,上汽集团,永鼎股份,重庆路桥,ST尔雅,亚盛集团
600109,600110,600111,600112,600113,600114
国金证券,诺德股份,北方稀土,*ST天成,浙江东日,东睦股份
600115,600116,600117,600118,600119,600120
中国东航,三峡水利,西宁特钢,中国卫星,长江投资,浙江东方
600121,600123,600125,600126,600127,600128
郑州煤电,兰花科创,铁龙物流,杭钢股份,金健米业,苏豪弘业
600129,600130,600131,600132,600133,600135
太极集团,*ST波导,国网信通,重庆啤酒,东湖高新,乐凯胶片
600136,600137,600138,600141,600143,600148
ST明诚,浪莎股份,中青旅,兴发集团,金发科技,长春一东
600149,600150,600151,600152,600153,600155
廊坊发展,中国船舶,航天机电,维科技术,建发股份,华创云信
600156,600157,600158,600159,600160,600161
华升股份,永泰能源,中体产业,大龙地产,巨化股份,天坛生物
600162,600163,600165,600166,600167,600168
香江控股,中闽能源,ST宁科,福田汽车,联美控股,武汉控股
600169,600170,600171,600172,600173,600176
太原重工,上海建工,上海贝岭,黄河旋风,卧龙新能,中国巨石
600177,600178,600179,600180,600182,600183
雅戈尔,东安动力,安通控股,瑞茂通,S佳通,生益科技
600184,600185,600186,600187,600188,600189
光电股份,珠免集团,莲花控股,国中水务,兖矿能源,泉阳泉
600190,600191,600192,600193,600195,600196
*ST锦港,华资实业,长城电工,*ST创兴,中牧股份,复星医药
600197,600198,600199,600200,600201,600202
伊力特,大唐电信,金种子酒,*ST苏吴,生物股份,哈空调
600203,600206,600207,600208,600210,600211
福日电子,有研新材,安彩高科,衢州发展,紫江企业,西藏药业
600212,600213,600215,600216,600217,600218
绿能慧充,*ST亚星,派斯林,浙江医药,中再资环,全柴动力
600219,600220,600221,600222,600223,600225
南山铝业,ST阳光,海航控股,太龙药业,福瑞达,退卓朗
600226,600227,600228,600229,600230,600231
亨通股份,赤天化,*ST返利,城市传媒,沧州大化,凌钢股份
600232,600233,600234,600235,600236,600237
金鹰股份,圆通速递,科新发展,民丰特纸,桂冠电力,铜峰电子
600238,600239,600241,600243,600246,600248
*ST椰岛,云南城投,时代万恒,*ST海华,万通发展,陕建股份
600249,600250,600251,600252,600255,600256
两面针,南京商旅,冠农股份,中恒集团,鑫科材料,广汇能源
600257,600258,600259,600261,600262,600265
大湖股份,首旅酒店,广晟有色,阳光照明,北方股份,ST景谷
600266,600267,600268,600269,600271,600272
城建发展,海正药业,国电南自,赣粤高速,航天信息,开开实业
600273,600276,600277,600278,600279,600280
嘉化能源,恒瑞医药,ST亿利,东方创业,重庆港,中央商场
600281,600282,600283,600284,600285,600287
华阳新材,南钢股份,钱江水利,浦东建设,羚锐制药,ST舜天
600288,600289,600292,600293,600295,600297
大恒科技,*ST信通,远达环保,三峡新材,鄂尔多斯,广汇汽车
600298,600299,600300,600301,600302,600303
安琪酵母,安迪苏,维维股份,华锡有色,标准股份,曙光股份
600305,600306,600307,600308,600309,600310
恒顺醋业,退商城,酒钢宏兴,华泰股份,万华化学,广西能源
600312,600313,600315,600316,600318,600319
平高电气,农发种业,上海家化,洪都航空,新力金融,亚星化学
600320,600321,600322,600323,600325,600326
振华重工,正源股份,津投城开,瀚蓝环境,华发股份,西藏天路
600327,600328,600329,600330,600331,600332
大东方,中盐化工,达仁堂,天通股份,宏达股份,白云山
600333,600335,600336,600337,600338,600339
长春燃气,国机汽车,澳柯玛,美克家居,西藏珠峰,中油工程
600340,600343,600345,600346,600348,600350
华夏幸福,航天动力,长江通信,恒力石化,华阳股份,山东高速
600351,600352,600353,600354,600355,600356
亚宝药业,浙江龙盛,旭光电子,敦煌种业,*ST精伦,恒丰纸业
600358,600359,600360,600361,600362,600363
ST联合,新农开发,*ST华微,创新新材,江西铜业,联创光电
600365,600366,600367,600368,600369,600370
ST通葡,宁波韵升,红星发展,五洲交通,西南证券,三房巷
600371,600372,600373,600375,600376,600377
万向德农,中航机载,中文传媒,汉马科技,首开股份,宁沪高速
600378,600379,600380,600381,600382,600383
昊华科技,宝光股份,健康元,*ST春天,广东明珠,金地集团
600386,600387,600388,600389,600390,600391
北巴传媒,*ST海越,龙净环保,江山股份,五矿资本,航发科技
600392,600395,600396,600397,600398,600399
盛和资源,盘江股份,华电辽能,安源煤业,海澜之家,抚顺特钢
600400,600403,600405,600406,600408,600409
红豆股份,大有能源,动力源,国电南瑞,安泰集团,三友化工
600410,600415,600416,600418,600419,600420
华胜天成,小商品城,湘电股份,江淮汽车,天润乳业,国药现代
600421,600422,600423,600425,600426,600428
*ST华嵘,昆药集团,柳化股份,青松建化,华鲁恒升,中远海特
600429,600433,600435,600436,600438,600439
三元股份,冠豪高新,北方导航,片仔癀,通威股份,瑞贝卡
600444,600446,600448,600449,600452,600455
国机通用,金证股份,华纺股份,宁夏建材,涪陵电力,博通股份
600456,600458,600459,600460,600461,600462
宝钛股份,时代新材,贵研铂业,士兰微,洪城环境,*ST九有
600463,600467,600468,600469,600470,600475
空港股份,好当家,百利电气,风神股份,六国化工,华光环能
600476,600477,600478,600479,600480,600481
湘邮科技,杭萧钢构,科力远,千金药业,凌云股份,双良节能
600482,600483,600486,600487,600488,600489
中国动力,福能股份,扬农化工,亨通光电,津药药业,中金黄金
600490,600491,600493,600495,600496,600497
鹏欣资源,龙元建设,凤竹纺织,晋西车轴,精工钢构,驰宏锌锗
600498,600499,600500,600501,600502,600503
烽火通信,科达制造,中化国际,航天晨光,安徽建工,华丽家族
600505,600506,600507,600508,600509,600510
西昌电力,统一股份,方大特钢,上海能源,天富能源,黑牡丹
600511,600512,600513,600515,600516,600517
国药股份,腾达建设,联环药业,海南机场,方大炭素,国网英大
600518,600519,600520,600521,600522,600523
康美药业,贵州茅台,三佳科技,华海药业,中天科技,贵航股份
600525,600526,600527,600528,600529,600530
ST长园,菲达环保,江南高纤,中铁工业,山东药玻,交大昂立
600531,600533,600535,600536,600537,600538
豫光金铅,栖霞建设,天士力,中国软件,亿晶光电,国发股份
600539,600540,600543,600545,600546,600547
狮头股份,新赛股份,莫高股份,卓郎智能,山煤国际,山东黄金
600548,600549,600550,600551,600552,600556
深高速,厦门钨业,保变电气,时代出版,凯盛科技,天下秀
600557,600558,600559,600560,600561,600562
康缘药业,大西洋,老白干酒,金自天正,江西长运,国睿科技
600563,600565,600566,600567,600568,600569
法拉电子,ST迪马,济川药业,山鹰国际,ST中珠,安阳钢铁
600570,600571,600572,600573,600575,600576
恒生电子,信雅达,康恩贝,惠泉啤酒,淮河能源,祥源文旅
600577,600578,600579,600580,600581,600582
精达股份,京能电力,中化装备,卧龙电驱,八一钢铁,天地科技
600583,600584,600585,600586,600587,600588
海油工程,长电科技,海螺水泥,金晶科技,新华医疗,用友网络
600589,600590,600592,600593,600594,600595
大位科技,泰豪科技,龙溪股份,大连圣亚,益佰制药,中孚实业
600596,600597,600598,600599,600600,600601
新安股份,光明乳业,北大荒,*ST熊猫,青岛啤酒,方正科技
600602,600603,600604,600605,600606,600608
云赛智联,ST广物,市北高新,汇通能源,绿地控股,*ST沪科
600609,600610,600611,600612,600613,600615
金杯汽车,中毅达,大众交通,老凤祥,神奇制药,丰华股份
600616,600617,600618,600619,600620,600621
金枫酒业,国新能源,氯碱化工,海立股份,天宸股份,华鑫股份
600622,600623,600624,600626,600628,600629
光大嘉宝,华谊集团,复旦复华,申达股份,新世界,华建集团
600630,600633,600635,600636,600637,600638
龙头股份,浙数文化,大众公用,*ST国化,东方明珠,新黄浦
600639,600640,600641,600642,600643,600644
浦东金桥,国脉文化,万业企业,申能股份,爱建集团,乐山电力
600645,600647,600648,600649,600650,600651
中源协和,退同达,外高桥,城投控股,锦江在线,飞乐音响
600653,600654,600655,600657,600658,600660
申华控股,中安科,豫园股份,信达地产,电子城,福耀玻璃
600661,600662,600663,600664,600665,600666
昂立教育,外服控股,陆家嘴,哈药股份,天地源,奥瑞德
600667,600668,600671,600673,600674,600675
太极实业,尖峰集团,天目药业,东阳光,川投能源,中华企业
600676,600678,600679,600681,600682,600683
交运股份,四川金顶,上海凤凰,百川能源,南京新百,京投发展
600684,600685,600686,600688,600689,600690
珠江股份,中船防务,金龙汽车,上海石化,上海三毛,海尔智家
600691,600692,600693,600694,600696,600697
阳煤化工,亚通股份,东百集团,大商股份,*ST岩石,欧亚集团
600698,600699,600702,600703,600704,600705
湖南天雁,均胜电子,舍得酒业,三安光电,物产中大,中航产融
600706,600707,600708,600710,600711,600712
曲江文旅,彩虹股份,光明地产,苏美达,ST盛屯,南宁百货
600713,600714,600715,600716,600717,600718
南京医药,金瑞矿业,文投控股,凤凰股份,天津港,东软集团
600719,600720,600721,600722,600724,600725
大连热电,中交设计,百花医药,金牛化工,宁波富达,云维股份
600726,600727,600728,600729,600730,600731
华电能源,鲁北化工,佳都科技,重庆百货,中国高科,湖南海利
600732,600733,600734,600735,600736,600737
爱旭股份,北汽蓝谷,实达集团,新华锦,苏州高新,中粮糖业
600738,600739,600740,600741,600742,600743
丽尚国潮,辽宁成大,山西焦化,华域汽车,一汽富维,华远地产
600744,600745,600746,600748,600749,600750
华银电力,闻泰科技,江苏索普,上实发展,西藏旅游,江中药业
600751,600753,600754,600755,600756,600757
海航科技,*ST庚星,锦江酒店,厦门国贸,浪潮软件,长江传媒
600758,600759,600760,600761,600763,600764
辽宁能源,洲际油气,中航沈飞,安徽合力,通策医疗,中国海防
600765,600766,600768,600769,600770,600771
中航重机,退园城,宁波富邦,祥龙电业,综艺股份,广誉远
600773,600774,600775,600776,600777,600778
西藏城投,汉商集团,南京熊猫,东方通信,ST新潮,友好集团
600779,600780,600782,600783,600784,600785
水井坊,通宝能源,新钢股份,鲁信创投,鲁银投资,新华百货
600787,600789,600790,600791,600792,600793
中储股份,鲁抗医药,轻纺城,京能置业,云煤能源,宜宾纸业
600794,600795,600796,600797,600798,600800
保税科技,国电电力,钱江生化,浙大网新,宁波海运,渤海化学
600801,600802,600803,600804,600805,600807
华新水泥,福建水泥,新奥股份,*ST鹏博,悦达投资,济高发展
600808,600809,600810,600811,600812,600814
马钢股份,山西汾酒,神马股份,*ST东方,华北制药,杭州解百
600815,600816,600817,600818,600819,600820
厦工股份,建元信托,宇通重工,中路股份,耀皮玻璃,隧道股份
600821,600822,600823,600824,600825,600826
金开新能,上海物贸,*ST世茂,益民集团,新华传媒,兰生股份
600827,600828,600829,600830,600831,600833
百联股份,茂业商业,人民同泰,香溢融通,ST广网,第一医药
600834,600835,600836,600837,600838,600839
申通地铁,上海机电,*ST易连,海通证券,上海九百,四川长虹
600841,600843,600844,600845,600846,600847
动力新科,上工申贝,丹化科技,宝信软件,同济科技,万里股份
600848,600850,600851,600853,600854,600855
上海临港,电科数字,海欣股份,龙建股份,春兰股份,航天长峰
600857,600858,600859,600860,600861,600862
宁波中百,银座股份,王府井,京城股份,北京人力,中航高科
600863,600864,600865,600866,600867,600868
内蒙华电,哈投股份,百大集团,星湖科技,通化东宝,梅雁吉祥
600869,600871,600872,600873,600874,600875
远东股份,石化油服,中炬高新,梅花生物,创业环保,东方电气
600876,600877,600879,600880,600881,600882
凯盛新能,电科芯片,航天电子,博瑞传播,亚泰集团,妙可蓝多
600883,600884,600885,600886,600887,600888
博闻科技,杉杉股份,宏发股份,国投电力,伊利股份,新疆众和
600889,600892,600893,600894,600895,600897
南京化纤,*ST大晟,航发动力,广日股份,张江高科,厦门空港
600898,600900,600901,600903,600905,600906
*ST美讯,长江电力,江苏金租,贵州燃气,三峡能源,财达证券
600908,600909,600916,600917,600918,600919
无锡银行,华安证券,中国黄金,重庆燃气,中泰证券,江苏银行
600925,600926,600927,600928,600929,600933
苏能股份,杭州银行,永安期货,西安银行,雪天盐业,爱柯迪
600935,600936,600938,600939,600941,600955
华塑股份,广西广电,中国海油,重庆建工,中国移动,维远股份
600956,600958,600959,600960,600961,600962
新天绿能,东方证券,江苏有线,渤海汽车,株冶集团,国投中鲁
600963,600965,600966,600967,600968,600969
岳阳林纸,福成股份,博汇纸业,内蒙一机,海油发展,郴电国际
600970,600971,600973,600975,600976,600977
中材国际,恒源煤电,宝胜股份,新五丰,健民集团,中国电影
600979,600980,600981,600982,600983,600984
广安爱众,北矿科技,汇鸿集团,宁波能源,惠而浦,建设机械
600985,600986,600987,600988,600989,600990
淮北矿业,浙文互联,航民股份,赤峰黄金,宝丰能源,四创电子
600992,600993,600995,600996,600997,600998
贵绳股份,马应龙,南网储能,贵广网络,开滦股份,九州通
600999,601000,601001,601002,601003,601005
招商证券,唐山港,晋控煤业,晋亿实业,柳钢股份,重庆钢铁
601006,601007,601008,601009,601010,601011
大秦铁路,金陵饭店,连云港,南京银行,文峰股份,宝泰隆
601012,601015,601016,601018,601019,601020
隆基绿能,陕西黑猫,节能风电,宁波港,山东出版,华钰矿业
601021,601022,601028,601033,601038,601058
春秋航空,宁波远洋,玉龙股份,永兴股份,一拖股份,赛轮轮胎
601059,601061,601065,601066,601068,601069
信达证券,中信金属,江盐集团,中信建投,中铝国际,西部黄金
601077,601083,601086,601088,601089,601096
渝农商行,锦江航运,国芳集团,中国神华,福元医药,宏盛华源
601098,601099,601100,601101,601106,601107
中南传媒,太平洋,恒立液压,昊华能源,中国一重,四川成渝
601108,601111,601113,601116,601117,601118
财通证券,中国国航,华鼎股份,三江购物,中国化学,海南橡胶
601121,601126,601127,601128,601133,601136
宝地矿业,四方股份,赛力斯,常熟银行,柏诚股份,首创证券
601137,601138,601139,601155,601156,601158
博威合金,工业富联,深圳燃气,新城控股,东航物流,重庆水务
601162,601163,601166,601168,601169,601177
天风证券,三角轮胎,兴业银行,西部矿业,北京银行,杭齿前进
601179,601186,601187,601188,601198,601199
中国西电,中国铁建,厦门银行,龙江交通,东兴证券,江南水务
601200,601208,601211,601212,601216,601218
上海环境,东材科技,国泰海通,白银有色,君正集团,吉鑫科技
601222,601225,601226,601228,601229,601231
林洋能源,陕西煤业,华电科工,广州港,上海银行,环旭电子
601233,601236,601238,601279,601288,601298
桐昆股份,红塔证券,广汽集团,英利汽车,农业银行,青岛港
601311,601318,601319,601326,601328,601330
骆驼股份,中国平安,中国人保,秦港股份,交通银行,绿色动力
601333,601336,601339,601360,601366,601368
广深铁路,新华保险,百隆东方,三六零,利群股份,绿城水务
601369,601375,601377,601388,601390,601398
陕鼓动力,中原证券,兴业证券,怡球资源,中国中铁,工商银行
601399,601456,601500,601512,601515,601518
国机重装,国联民生,通用股份,中新集团,东峰集团,吉林高速
601519,601528,601555,601566,601567,601568
大智慧,瑞丰银行,东吴证券,九牧王,三星医疗,北元集团
601577,601579,601588,601595,601598,601599
长沙银行,会稽山,北辰实业,上海电影,中国外运,浙文影业
601600,601601,601606,601607,601608,601609
中国铝业,中国太保,长城军工,上海医药,中信重工,金田股份
601611,601615,601616,601618,601619,601628
中国核建,明阳智能,广电电气,中国中冶,嘉泽新能,中国人寿
601633,601636,601658,601665,601666,601668
长城汽车,旗滨集团,邮储银行,齐鲁银行,平煤股份,中国建筑
601669,601677,601678,601686,601688,601689
中国电建,明泰铝业,滨化股份,友发集团,华泰证券,拓普集团
601696,601698,601699,601700,601702,601717
中银证券,中国卫通,潞安环能,风范股份,华峰铝业,郑煤机
601718,601727,601728,601766,601777,601778
际华集团,上海电气,中国电信,中国中车,千里科技,晶科科技
601788,601789,601798,601799,601800,601801
光大证券,宁波建工,蓝科高新,星宇股份,中国交建,皖新传媒
601808,601811,601816,601818,601825,601827
中海油服,新华文轩,京沪高铁,光大银行,沪农商行,三峰环境
601828,601838,601857,601858,601860,601865
美凯龙,成都银行,中国石油,中国科传,紫金银行,福莱特
601866,601868,601869,601872,601877,601878
中远海发,中国能建,长飞光纤,招商轮船,正泰电器,浙商证券
601880,601881,601882,601886,601888,601890
辽港股份,中国银河,海天精工,江河集团,中国中免,亚星锚链
601898,601899,601900,601901,601908,601916
中煤能源,紫金矿业,南方传媒,方正证券,京运通,浙商银行
601918,601919,601921,601928,601929,601933
新集能源,中远海控,浙版传媒,凤凰传媒,吉视传媒,永辉超市
601939,601949,601952,601956,601958,601963
建设银行,中国出版,苏垦农发,东贝集团,金钼股份,重庆银行
601965,601966,601968,601969,601975,601985
中国汽研,玲珑轮胎,宝钢包装,海南矿业,招商南油,中国核电
601988,601989,601990,601991,601992,601995
中国银行,中国重工,南京证券,大唐发电,金隅集团,中金公司
601996,601997,601998,601999,603000,603001
丰林集团,贵阳银行,中信银行,出版传媒,人民网,奥康国际
603002,603003,603004,603005,603006,603007
宏昌电子,*ST龙宇,鼎龙科技,晶方科技,联明股份,*ST花王
603008,603009,603010,603011,603012,603013
喜临门,北特科技,万盛股份,合锻智能,创力集团,亚普股份
603014,603015,603016,603017,603018,603019
威高血净,弘讯科技,新宏泰,中衡设计,华设集团,中科曙光
603020,603021,603022,603023,603025,603026
爱普股份,ST华鹏,新通联,*ST威帝,大豪科技,石大胜华
603027,603028,603029,603030,603031,603032
千禾味业,赛福天,天鹅股份,全筑股份,安孚科技,德新科技
603033,603035,603036,603037,603038,603039
三维股份,常熟汽饰,如通股份,凯众股份,华立股份,泛微网络
603040,603041,603042,603043,603045,603048
新坐标,美思德,华脉科技,广州酒家,福达合金,浙江黎明
603050,603051,603052,603053,603055,603056
科林电气,鹿山新材,可川科技,成都燃气,台华新材,德邦股份
603057,603058,603059,603060,603061,603062
紫燕食品,永吉股份,倍加洁,国检集团,金海通,麦加芯彩
603063,603065,603066,603067,603068,603069
禾望电气,宿迁联盛,音飞储存,振华股份,博通集成,海汽集团
603070,603071,603072,603073,603075,603076
万控智造,物产环能,天和磁材,彩蝶实业,热威股份,乐惠国际
603077,603078,603079,603080,603081,603082
和邦生物,江化微,圣达生物,新疆火炬,大丰实业,北自科技
603083,603085,603086,603087,603088,603089
剑桥科技,天成自控,先达股份,甘李药业,宁波精达,正裕工业
603090,603091,603093,603095,603096,603097
宏盛股份,众鑫股份,南华期货,越剑智能,新经典,江苏华辰
603098,603099,603100,603101,603102,603103
森特股份,长白山,川仪股份,汇嘉时代,百合股份,横店影视
603105,603106,603107,603108,603109,603110
芯能科技,恒银科技,上海汽配,润达医疗,神驰机电,东方材料
603111,603112,603113,603115,603116,603117
康尼机电,华翔股份,金能科技,海星股份,红蜻蜓,万林物流
603118,603119,603120,603121,603122,603123
共进股份,浙江荣泰,肯特催化,华培动力,合富中国,翠微股份
603124,603125,603126,603127,603128,603129
江南新材,常青科技,中材节能,昭衍新药,华贸物流,春风动力
603130,603131,603132,603133,603135,603136
云中马,上海沪工,金徽股份,退碳元,中重科技,天目湖
603137,603138,603139,603150,603151,603153
恒尚节能,海量数据,康惠制药,万朗磁塑,邦基科技,上海建科
603155,603156,603158,603159,603160,603161
新亚强,养元饮品,腾龙股份,上海亚虹,汇顶科技,科华控股
603162,603163,603165,603166,603167,603168
海通发展,圣晖集成,荣晟环保,福达股份,渤海轮渡,莎普爱思
603169,603170,603171,603172,603173,603176
兰石重装,宝立食品,税友股份,万丰股份,福斯达,汇通集团
603177,603178,603179,603180,603181,603182
德创环保,圣龙股份,新泉股份,金牌家居,皇马科技,嘉华股份
603183,603185,603186,603187,603188,603189
建研院,弘元绿能,华正新材,海容冷链,亚邦股份,网达软件
603190,603191,603192,603193,603194,603195
亚通精工,望变电气,汇得科技,润本股份,中力股份,公牛集团
603196,603197,603198,603199,603200,603201
日播时尚,保隆科技,迎驾贡酒,九华旅游,上海洗霸,常润股份
603202,603203,603205,603206,603207,603208
天有为,快克智能,健尔康,嘉环科技,小方制药,江山欧派
603209,603210,603211,603212,603213,603214
兴通股份,泰鸿万立,晋拓股份,赛伍技术,镇洋发展,爱婴室
603215,603216,603217,603218,603219,603220
比依股份,梦天家居,元利科技,日月股份,富佳股份,中贝通信
603221,603222,603223,603225,603226,603227
爱丽家居,济民健康,恒通股份,新凤鸣,菲林格尔,雪峰科技
603228,603229,603230,603231,603232,603233
景旺电子,奥翔药业,内蒙新华,索宝蛋白,格尔软件,大参林
603235,603236,603237,603238,603239,603255
天新药业,移远通信,五芳斋,诺邦股份,浙江仙通,鼎际得
603256,603257,603258,603259,603260,603261
宏和科技,中国瑞林,电魂网络,药明康德,合盛硅业,*ST立航
603266,603267,603268,603269,603270,603271
天龙股份,鸿远电子,*ST松发,海鸥股份,金帝股份,永杰新材
603272,603273,603275,603276,603277,603278
联翔股份,天元智能,众辰科技,恒兴新材,银都股份,大业股份
603279,603280,603281,603282,603283,603285
景津装备,南方路机,江瀚新材,亚光股份,赛腾股份,键邦股份
603286,603288,603289,603290,603291,603296
日盈电子,海天味业,泰瑞机器,斯达半导,联合水务,华勤技术
603297,603298,603299,603300,603301,603303
永新光学,杭叉集团,苏盐井神,海南华铁,振德医疗,得邦照明
603305,603306,603307,603308,603309,603310
旭升集团,华懋科技,扬州金泉,应流股份,维力医疗,巍华新材
603311,603312,603313,603315,603316,603317
金海高科,西典新能,梦百合,福鞍股份,诚邦股份,天味食品
603318,603319,603320,603321,603322,603323
水发燃气,美湖股份,迪贝电气,梅轮电梯,超讯通信,苏农银行
603324,603325,603326,603327,603328,603329
盛剑科技,博隆技术,我乐家居,福蓉科技,依顿电子,上海雅仕
603330,603331,603332,603333,603335,603336
天洋新材,百达精工,苏州龙杰,尚纬股份,迪生力,宏辉果蔬
603337,603338,603339,603341,603344,603345
杰克股份,浙江鼎力,四方科技,龙旗科技,星德胜,安井食品
603348,603350,603351,603353,603355,603356
文灿股份,安乃达,威尔药业,和顺石油,莱克电气,华菱精工
603357,603358,603359,603360,603363,603365
设计总院,华达科技,东珠生态,百傲化学,傲农生物,水星家纺
603366,603367,603368,603369,603373,603375
日出东方,辰欣药业,柳药集团,今世缘,安邦护卫,盛景微
603377,603378,603379,603380,603381,603383
ST东时,亚士创能,三美股份,易德龙,永臻股份,顶点软件
603385,603386,603387,603388,603389,603390
惠达卫浴,骏亚科技,基蛋生物,*ST元成,*ST亚振,通达电气
603391,603392,603393,603395,603396,603398
力聚热能,万泰生物,新天然气,红四方,金辰股份,*ST沐邦
603399,603408,603409,603416,603421,603429
永杉锂业,建霖家居,汇通控股,信捷电气,鼎信通讯,集友股份
603439,603444,603456,603458,603466,603477
贵州三力,吉比特,九洲药业,勘设股份,风语筑,巨星农牧
603486,603488,603489,603496,603499,603500
科沃斯,展鹏科技,八方股份,恒为科技,翔港科技,祥和实业
603501,603505,603506,603507,603508,603511
韦尔股份,金石资源,南都物业,振江股份,思维列控,爱慕股份
603515,603516,603517,603518,603519,603520
欧普照明,淳中科技,绝味食品,锦泓集团,立霸股份,司太立
603527,603528,603529,603530,603533,603535
众源新材,多伦科技,爱玛科技,神马电力,掌阅科技,嘉诚国际
603536,603538,603551,603555,603556,603557
惠发食品,美诺华,奥普科技,ST贵人,海兴电力,ST起步
603558,603559,603565,603566,603567,603568
健盛集团,*ST通脉,中谷物流,普莱柯,珍宝岛,伟明环保
603569,603577,603578,603579,603580,603583
长久物流,汇金通,三星新材,荣泰健康,*ST艾艾,捷昌驱动
603585,603586,603587,603588,603589,603590
苏利股份,金麒麟,地素时尚,高能环境,口子窖,康辰药业
603595,603596,603598,603599,603600,603601
东尼电子,伯特利,引力传媒,广信股份,永艺股份,再升科技
603602,603603,603605,603606,603607,603608
纵横通信,退博天,珀莱雅,东方电缆,京华激光,天创时尚
603609,603610,603611,603612,603613,603615
禾丰股份,麒盛科技,诺力股份,索通发展,国联股份,茶花股份
603616,603617,603618,603619,603626,603628
韩建河山,君禾股份,杭电股份,中曼石油,科森科技,清源股份
603629,603630,603633,603636,603637,603638
利通电子,拉芳家化,徕木股份,南威软件,镇海股份,艾迪精密
603639,603648,603650,603655,603656,603657
海利尔,畅联股份,彤程新材,朗博科技,泰禾智能,春光科技
603658,603659,603660,603661,603662,603663
安图生物,璞泰来,苏州科达,恒林股份,柯力传感,三祥新材
603665,603666,603667,603668,603669,603676
康隆达,亿嘉和,五洲新春,天马科技,灵康药业,卫信康
603677,603678,603679,603680,603681,603682
奇精机械,火炬电子,华体科技,今创集团,永冠新材,锦和商管
603683,603685,603686,603687,603688,603689
晶华新材,晨丰科技,福龙马,大胜达,石英股份,皖天然气
603690,603693,603696,603697,603698,603699
至纯科技,江苏新能,安记食品,有友食品,航天工程,纽威股份
603700,603701,603703,603706,603707,603708
宁水集团,德宏股份,盛洋科技,东方环宇,健友股份,家家悦
603709,603711,603712,603713,603716,603717
中源家居,香飘飘,七一二,密尔克卫,塞力医疗,天域生物
603718,603719,603721,603722,603725,603726
海利生物,良品铺子,*ST天择,阿科力,天安新材,朗迪集团
603727,603728,603729,603730,603733,603737
博迈科,鸣志电器,龙韵股份,岱美股份,仙鹤股份,三棵树
603738,603739,603755,603757,603758,603759
泰晶科技,蔚蓝生物,日辰股份,大元泵业,秦安股份,海天股份
603766,603767,603768,603773,603776,603777
隆鑫通用,中马传动,常青股份,沃格光电,永安行,来伊份
603778,603779,603786,603787,603788,603789
国晟科技,威龙股份,科博达,新日股份,宁波高发,*ST星农
603790,603797,603798,603799,603800,603801
雅运股份,联泰环保,康普顿,华友钴业,洪田股份,志邦家居
603803,603806,603808,603809,603810,603811
瑞斯康达,福斯特,歌力思,豪能股份,丰山集团,诚意药业
603813,603815,603816,603817,603818,603819
*ST原尚,交建股份,顾家家居,海峡环保,曲美家居,神力股份
603822,603823,603825,603826,603828,603829
嘉澳环保,百合花,华扬联众,坤彩科技,ST柯利达,洛凯股份
603833,603836,603838,603839,603843,603848
欧派家居,海程邦达,*ST四通,安正时尚,*ST正平,好太太
603855,603856,603858,603859,603860,603861
华荣股份,东宏股份,步长制药,能科科技,中公高科,白云电器
603863,603866,603867,603868,603869,603871
松炀资源,桃李面包,新化股份,飞科电器,ST智知,嘉友国际
603876,603877,603878,603879,603880,603881
鼎胜新材,太平鸟,武进不锈,永悦科技,南卫股份,数据港
603882,603883,603885,603886,603887,603888
金域医学,老百姓,吉祥航空,元祖股份,城地香江,新华网
603889,603890,603893,603895,603896,603897
新澳股份,春秋电子,瑞芯微,天永智能,寿仙谷,长城科技
603898,603899,603900,603901,603903,603906
好莱客,晨光股份,莱绅通灵,永创智能,中持股份,龙蟠科技
603908,603909,603912,603915,603916,603917
牧高笛,建发合诚,佳力图,国茂股份,苏博特,合力科技
603918,603919,603920,603922,603926,603927
金桥信息,金徽酒,世运电路,金鸿顺,铁流股份,中科软
603928,603929,603931,603933,603936,603937
兴业股份,亚翔集成,格林达,睿能科技,博敏电子,丽岛新材
603938,603939,603948,603949,603950,603955
三孚股份,益丰药房,建业股份,雪龙集团,长源东谷,大千生态
603956,603958,603959,603960,603963,603966
威派格,哈森股份,ST百利,克来机电,*ST大药,法兰泰克
603967,603968,603969,603970,603976,603977
中创物流,醋化股份,银龙股份,中农立华,正川股份,国泰集团
603978,603979,603980,603982,603983,603985
深圳新星,金诚信,吉华集团,泉峰汽车,丸美生物,恒润股份
603986,603987,603988,603989,603990,603991
兆易创新,康德莱,中电电机,艾华集团,麦迪科技,至正股份
603992,603993,603995,603997,603998,603999
松霖科技,洛阳钼业,甬金股份,继峰股份,方盛制药,读者传媒
605001,605003,605005,605006,605007,605008
威奥股份,众望布艺,合兴股份,山东玻纤,五洲特纸,长鸿高科
605009,605011,605016,605018,605020,605028
豪悦护理,杭州热电,百龙创园,长华集团,永和股份,世茂能源
605033,605050,605055,605056,605058,605060
美邦股份,福然德,迎丰股份,咸亨国际,澳弘电子,联德股份
605066,605068,605069,605077,605080,605081
天正电气,明新旭腾,正和生态,华康股份,浙江自然,*ST太和
605086,605088,605089,605090,605098,605099
龙高股份,冠盛股份,味知香,九丰能源,行动教育,共创草坪
605100,605108,605111,605116,605117,605118
华丰股份,同庆楼,新洁能,奥锐特,德业股份,力鼎光电
605122,605123,605128,605133,605136,605138
四方新材,派克新材,上海沿浦,嵘泰股份,丽人丽妆,盛泰集团
605151,605155,605158,605162,605166,605167
西上海,西大门,华达新材,新中港,聚合顺,利柏特
605168,605169,605177,605178,605179,605180
三人行,洪通燃气,东亚药业,时空科技,一鸣食品,华生科技
605183,605186,605188,605189,605196,605198
确成股份,健麾信息,国光连锁,富春染织,华通线缆,安德利
605199,605208,605218,605222,605228,605255
ST葫芦娃,永茂泰,伟时电子,起帆电缆,神通科技,天普股份
605258,605259,605266,605268,605277,605286
协和电子,绿田机械,健之佳,王力安防,新亚电子,同力日升
605287,605288,605289,605296,605298,605299
德才股份,凯迪股份,罗曼股份,神农集团,必得科技,舒华体育
605300,605303,605305,605318,605319,605333
佳禾食品,园林股份,中际联合,法狮龙,无锡振华,沪光股份
605336,605337,605338,605339,605358,605365
帅丰电器,李子园,巴比食品,南侨食品,立昂微,立达信
605366,605368,605369,605376,605377,605378
宏柏新材,蓝天燃气,拱东医疗,博迁新材,华旺科技,野马电池
605388,605389,605398,605399,605488,605499
均瑶健康,长龄液压,新炬网络,晨光新材,福莱新材,东鹏饮料
605500,605507,605555,605566,605567,605577
森林包装,国邦医药,德昌股份,福莱蒽特,春雪食品,龙版传媒
605580,605588,605589,605598,605599,688001
恒盛能源,冠石科技,圣泉集团,上海港湾,菜百股份,华兴源创
688002,688003,688004,688005,688006,688007
睿创微纳,天准科技,博汇科技,容百科技,杭可科技,光峰科技
688008,688009,688010,688011,688012,688013
澜起科技,中国通号,福光股份,新光光电,中微公司,天臣医疗
688015,688016,688017,688018,688019,688020
交控科技,心脉医疗,绿的谐波,乐鑫科技,安集科技,方邦股份
688021,688022,688023,688025,688026,688027
奥福科技,瀚川智能,安恒信息,杰普特,洁特生物,国盾量子
688028,688029,688030,688031,688032,688033
沃尔德,南微医学,山石网科,星环科技-U,禾迈股份,天宜上佳
688035,688036,688037,688038,688039,688041
德邦科技,传音控股,芯源微,中科通达,当虹科技,海光信息
688045,688046,688047,688048,688049,688050
必易微,药康生物,龙芯中科,长光华芯,炬芯科技,爱博医疗
688051,688052,688053,688055,688056,688057
佳华科技,纳芯微,思科瑞,龙腾光电,莱伯泰科,金达莱
688058,688059,688060,688061,688062,688063
宝兰德,华锐精密,云涌科技,灿瑞科技,迈威生物-U,派能科技
688065,688066,688067,688068,688069,688070
凯赛生物,航天宏图,爱威科技,热景生物,德林海,纵横股份
688071,688072,688073,688075,688076,688077
华依科技,拓荆科技,毕得医药,安旭生物,诺泰生物,大地熊
688078,688079,688080,688081,688082,688083
龙软科技,美迪凯,映翰通,兴图新科,盛美上海,中望软件
688084,688085,688087,688088,688089,688090
晶品特装,三友医疗,英科再生,虹软科技,嘉必优,瑞松科技
688091,688092,688093,688095,688096,688097
上海谊众,爱科科技,世华科技,福昕软件,京源环保,博众精工
688098,688099,688100,688101,688102,688103
申联生物,晶晨股份,威胜信息,三达膜,斯瑞新材,国力股份
688105,688106,688107,688108,688109,688110
诺唯赞,金宏气体,安路科技,赛诺医疗,品茗科技,东芯股份
688111,688112,688113,688114,688115,688116
金山办公,鼎阳科技,联测科技,华大智造,思林杰,天奈科技
688117,688118,688119,688120,688121,688122
圣诺生物,普元信息,中钢洛耐,华海清科,卓然股份,西部超导
688123,688125,688126,688127,688128,688129
聚辰股份,安达智能,沪硅产业,蓝特光学,中国电研,东来技术
688130,688131,688132,688133,688135,688136
晶华微,皓元医药,邦彦技术,泰坦科技,利扬芯片,科兴制药
688137,688138,688139,688141,688143,688146
近岸蛋白,清溢光电,海尔生物,杰华特,长盈通,中船特气
688147,688148,688150,688151,688152,688153
微导纳米,芳源股份,莱特光电,华强科技,麒麟信安,唯捷创芯
688155,688156,688157,688158,688159,688160
先惠技术,路德环境,松井股份,优刻得-W,有方科技,步科股份
688161,688162,688163,688165,688166,688167
威高骨科,巨一科技,赛伦生物,埃夫特-U,博瑞医药,炬光科技
688168,688169,688170,688171,688172,688173
安博通,石头科技,德龙激光,纬德信息,燕东微,希荻微
688175,688176,688177,688178,688179,688180
高凌信息,亚虹医药-U,百奥泰,万德斯,阿拉丁,君实生物-U
688181,688182,688183,688184,688185,688186
八亿时空,灿勤科技,生益电子,ST帕瓦,康希诺,广大特材
688187,688188,688189,688190,688191,688192
时代电气,柏楚电子,南新制药,云路股份,智洋创新,迪哲医药-U
688193,688195,688196,688197,688198,688199
仁度生物,腾景科技,卓越新能,首药控股-U,佰仁医疗,久日新材
688200,688201,688202,688203,688205,688206
华峰测控,信安世纪,美迪西,海正生材,德科立,概伦电子
688207,688208,688209,688210,688211,688212
格灵深瞳,道通科技,英集芯,统联精密,中科微至,澳华内镜
688213,688215,688216,688217,688218,688219
思特威-W,瑞晟智能,气派科技,睿昂基因,江苏北人,会通股份
688220,688221,688222,688223,688225,688226
翱捷科技-U,前沿生物-U,成都先导,晶科能源,亚信安全,威腾电气
688227,688228,688229,688230,688231,688232
品高股份,开普云,博睿数据,芯导科技,隆达股份,新点软件
688233,688234,688235,688236,688237,688238
神工股份,天岳先进,百济神州-U,春立医疗,超卓航科,和元生物
688239,688244,688246,688247,688248,688249
航宇科技,永信至诚,嘉和美康,宣泰医药,南网科技,晶合集成
688251,688252,688253,688255,688256,688257
井松智能,天德钰,英诺特,凯尔达,寒武纪-U,新锐股份
688258,688259,688260,688261,688262,688265
卓易信息,创耀科技,昀冢科技,东微半导,国芯科技,南模生物
688266,688267,688268,688269,688270,688271
泽璟制药-U,中触媒,华特气体,凯立新材,臻镭科技,联影医疗
688272,688273,688275,688276,688277,688278
富吉瑞,麦澜德,万润新能,百克生物,天智航-U,特宝生物
688279,688280,688281,688282,688283,688285
峰岹科技,精进电动-UW,华秦科技,理工导航,坤恒顺维,高铁电气
688286,688287,688288,688289,688290,688291
敏芯股份,*ST观典,鸿泉物联,圣湘生物,景业智能,金橙子
688292,688293,688295,688296,688297,688298
浩瀚深度,奥浦迈,中复神鹰,和达科技,中无人机,东方生物
688299,688300,688301,688302,688303,688305
长阳科技,联瑞新材,奕瑞科技,海创药业-U,大全能源,科德数控
688306,688307,688308,688309,688310,688311
均普智能,中润光学,欧科亿,恒誉环保,迈得医疗,盟升电子
688312,688313,688314,688315,688316,688317
燕麦科技,仕佳光子,康拓医疗,诺禾致源,青云科技-U,之江生物
688318,688319,688320,688321,688322,688323
财富趋势,欧林生物,禾川科技,微芯生物,奥比中光-UW,瑞华泰
688325,688326,688327,688328,688329,688330
赛微微电,经纬恒润-W,云从科技-UW,深科达,艾隆科技,宏力达
688331,688332,688333,688334,688335,688336
荣昌生物,中科蓝讯,铂力特,西高院,复洁环保,三生国健
688337,688338,688339,688343,688345,688347
普源精电,赛科希德,亿华通-U,云天励飞-U,博力威,华虹公司
688348,688349,688350,688351,688352,688353
昱能科技,三一重能,富淼科技,微电生理,颀中科技,华盛锂电
688355,688356,688357,688358,688359,688360
明志科技,键凯科技,建龙微纳,祥生医疗,三孚新科,德马科技
688361,688362,688363,688365,688366,688367
中科飞测,甬矽电子,华熙生物,光云科技,昊海生科,工大高科
688368,688369,688370,688371,688372,688373
晶丰明源,致远互联,丛麟科技,菲沃泰,伟测科技,盟科药业-U
688375,688376,688377,688378,688379,688380
国博电子,美埃科技,迪威尔,奥来德,华光新材,中微半导
688381,688382,688383,688385,688386,688387
帝奥微,益方生物-U,新益昌,复旦微电,泛亚微透,信科移动-U
688388,688389,688390,688391,688392,688393
嘉元科技,普门科技,固德威,钜泉科技,骄成超声,安必平
688395,688396,688398,688399,688400,688401
正弦电气,华润微,赛特新材,硕世生物,凌云光,路维光电
688403,688408,688409,688410,688411,688416
汇成股份,中信博,富创精密,山外山,海博思创,恒烁股份
688418,688419,688420,688425,688426,688428
震有科技,耐科装备,美腾科技,铁建重工,康为世纪,诺诚健华-U
688429,688432,688433,688435,688439,688443
时创能源,有研硅,华曙高科,英方软件,振华风光,智翔金泰-U
688448,688449,688450,688455,688456,688458
磁谷科技,联芸科技,光格科技,科捷智能,有研粉材,美芯晟
688459,688466,688468,688469,688472,688475
哈铁科技,金科环境,科美诊断,芯联集成-U,阿特斯,萤石网络
688478,688479,688480,688484,688485,688486
晶升股份,友车科技,赛恩斯,南芯科技,九州一轨,龙迅股份
688488,688489,688496,688498,688499,688500
艾迪药业,三未信安,清越科技,源杰科技,利元亨,慧辰股份
688501,688502,688503,688505,688506,688507
青达环保,茂莱光学,聚和材料,复旦张江,百利天恒,索辰科技
688508,688509,688510,688511,688512,688513
芯朋微,正元地信,航亚科技,*ST天微,慧智微-U,苑东生物
688515,688516,688517,688518,688519,688520
裕太微-U,奥特维,金冠电气,联赢激光,南亚新材,神州细胞
688521,688522,688523,688525,688526,688528
芯原股份,纳睿雷达,航天环宇,佰维存储,科前生物,秦川物联
688529,688530,688531,688533,688535,688536
豪森智能,欧莱新材,日联科技,上声电子,华海诚科,思瑞浦
688538,688539,688543,688545,688548,688549
和辉光电-U,高华科技,国科军工,兴福电子,广钢气体,中巨芯-U
688550,688551,688552,688553,688556,688557
瑞联新材,科威尔,航天南湖,汇宇制药-W,高测股份,兰剑智能
688558,688559,688560,688561,688562,688563
国盛智科,海目星,明冠新材,奇安信-U,航天软件,航材股份
688565,688566,688567,688568,688569,688570
力源科技,吉贝尔,孚能科技,中科星图,铁科轨道,天玛智控
688571,688573,688575,688576,688577,688578
杭华股份,信宇人,亚辉龙,西山科技,浙海德曼,艾力斯
688579,688580,688581,688582,688583,688584
山大地纬,伟思医疗,安杰思,芯动联科,思看科技,上海合晶
688585,688586,688588,688589,688590,688591
上纬新材,江航装备,凌志软件,力合微,新致软件,泰凌微
688592,688593,688595,688596,688597,688598
司南导航,新相微,芯海科技,正帆科技,煜邦电力,金博股份
688599,688600,688601,688602,688603,688605
天合光能,皖仪科技,力芯微,康鹏科技,天承科技,先锋精科
688606,688607,688608,688609,688610,688611
奥泰生物,康众医疗,恒玄科技,九联科技,埃科光电,杭州柯林
688612,688613,688615,688616,688617,688618
威迈斯,奥精医疗,合合信息,西力科技,惠泰医疗,三旺通信
688619,688620,688621,688622,688623,688625
罗普特,安凯微,阳光诺和,禾信仪器,双元科技,呈和科技
688626,688627,688628,688629,688630,688631
翔宇医疗,精智达,优利德,华丰科技,芯碁微装,莱斯信息
688633,688636,688638,688639,688646,688648
星球石墨,智明达,誉辰智能,华恒生物,ST逸飞,中邮科技
688651,688652,688653,688655,688656,688657
盛邦安全,京仪装备,康希通信,迅捷兴,浩欧博,浩辰软件
688658,688659,688660,688661,688662,688663
悦康药业,元琛科技,电气风电,和林微纳,富信科技,新风光
688665,688667,688668,688669,688670,688671
四方光电,菱电电控,鼎通科技,聚石化学,金迪克,碧兴物联
688676,688677,688678,688679,688680,688681
金盘科技,海泰新光,福立旺,通源环境,海优新材,科汇股份
688682,688683,688685,688686,688687,688689
霍莱沃,莱尔科技,迈信林,奥普特,凯因科技,银河微电
688690,688691,688692,688693,688695,688696
纳微科技,灿芯股份,达梦数据,锴威特,中创股份,极米科技
688697,688698,688699,688700,688701,688702
纽威数控,伟创电气,明微电子,东威科技,卓锦股份,盛科通信-U
688707,688708,688709,688710,688711,688716
振华新材,佳驰科技,成都华微,益诺思,宏微科技,中研股份
688717,688718,688719,688720,688721,688722
艾罗能源,唯赛勃,爱科赛博,艾森股份,龙图光罩,同益中
688726,688728,688733,688737,688739,688750
拉普拉斯,格科微,壹石通,中自科技,成大生物,金天钛业
688755,688757,688758,688766,688767,688768
汉邦科技,胜科纳米,赛分科技,普冉股份,博拓生物,容知日新
688772,688776,688777,688778,688779,688786
珠海冠宇,国光电气,中控技术,厦钨新能,五矿新能,悦安新材
688787,688788,688789,688793,688798,688799
海天瑞声,科思科技,宏华数科,倍轻松,艾为电子,华纳药厂
688800,688819,688981,689009,830779,830799
瑞可达,天能股份,中芯国际,九号公司-WD,武汉蓝电,艾融软件
830809,830832,830839,830879,830896,830946
安达科技,齐鲁华信,万通液压,基康仪器,旺成科技,森萱医药
830964,830974,831010,831039,831087,831152
润农节水,凯大催化,凯添燃气,国义招标,秋乐种业,昆工科技
831167,831175,831195,831278,831304,831305
鑫汇科,派诺科技,三祥科技,泰德股份,迪尔化工,海希通讯
831370,831396,831445,831526,831627,831641
新安洁,许昌智能,龙竹科技,凯华材料,力王股份,格利尔
831689,831726,831768,831832,831834,831855
克莱特,朱老六,拾比佰,科达自控,三维股份,浙江大农
831856,831906,831961,832000,832023,832089
浩淼科技,舜宇精工,创远信科,安徽凤凰,田野股份,禾昌聚合
832110,832145,832149,832171,832175,832225
雷特科技,恒合股份,利尔达,志晟信息,东方碳素,利通科技
832278,832419,832469,832471,832491,832522
鹿得医疗,路斯股份,富恒新材,美邦科技,奥迪威,纳科诺尔
832566,832651,832662,832735,832786,832802
梓橦宫,天罡股份,方盛股份,德源药业,骑士乳业,保丽洁
832876,832885,832978,832982,833030,833075
慧为智能,星辰科技,开特股份,锦波生物,立方控股,柏星龙
833171,833230,833266,833284,833346,833394
国航远洋,欧康医药,生物谷,灵鸽科技,威贸电子,民士达
833427,833429,833454,833455,833509,833523
华维设计,康比特,同心传动,汇隆活塞,同惠电子,德瑞锂电
833533,833575,833580,833751,833781,833819
骏创科技,康乐卫士,科创新材,惠同新材,瑞奇智造,颖泰生物
833873,833914,833943,834014,834021,834033
中设咨询,远航精密,优机股份,特瑞斯,流金科技,康普化学
834058,834062,834261,834407,834415,834475
华洋赛车,科润智控,一诺威,驰诚股份,恒拓开源,三友科技
834599,834639,834682,834765,834770,834950
同力股份,晨光电缆,球冠电缆,美之高,艾能聚,迅安科技
835174,835179,835184,835185,835207,835237
五新隧装,凯德石英,国源科技,贝特瑞,众诚科技,力佳科技
835305,835368,835438,835508,835579,835640
*ST云创,连城数控,戈碧迦,殷图网联,机科股份,富士达
835670,835857,835892,835985,836077,836149
数字人,百甲科技,中科美菱,海泰新能,吉林碳谷,旭杰科技
836208,836221,836239,836247,836260,836263
青矩技术,易实精密,长虹能源,华密新材,中寰股份,中航泰达
836270,836395,836414,836419,836422,836433
天铭科技,朗鸿科技,欧普泰,万德股份,润普食品,大唐药业
836504,836547,836675,836699,836717,836720
博迅生物,无锡晶海,秉扬科技,海达尔,瑞星股份,吉冈精密
836807,836826,836871,836892,836942,836957
奔朗新材,盖世食品,派特尔,广咨国际,恒立钻具,汉维科技
836961,837006,837023,837046,837092,837174
西磁科技,晟楠科技,芭薇股份,亿能电力,汉鑫科技,宏裕包材
837212,837242,837344,837403,837592,837663
智新电子,建邦科技,三元基因,康农种业,华信永道,明阳科技
837748,837821,838030,838163,838171,838227
路桥信息,则成电子,德众汽车,方大新材,邦德股份,美登科技
838262,838275,838402,838670,838701,838810
太湖雪,驱动力,硅烷科技,恒进感应,豪声电子,春光智能
838837,838924,838971,839167,839273,839371
华原股份,广脉科技,天马新材,同享科技,一致魔芋,欧福蛋业
839493,839680,839719,839725,839729,839790
并行科技,*ST广道,宁新新材,惠丰钻石,永顺生物,联迪信息
839792,839946,870199,870204,870299,870357
东和新材,华阳变速,倍益康,沪江材料,灿能电力,雅葆轩
870436,870508,870656,870726,870866,870976
大地电气,丰安股份,海昇药业,鸿智科技,绿亨科技,视声智能
871245,871263,871396,871478,871553,871634
威博液压,莱赛激光,常辅股份,巨能股份,凯腾精工,新威凌
871642,871694,871753,871857,871970,871981
通易航天,中裕科技,天纺标,泓禧科技,大禹生物,晶赛科技
872190,872351,872374,872392,872541,872808
雷神科技,华光源海,云里物里,佳合科技,铁大科技,曙光数创
872895,872925,872931,872953,873001,873122
花溪科技,锦好医疗,无锡鼎邦,国子软件,纬达光电,中纺标
873132,873152,873167,873169,873223,873305
泰鹏智能,天宏锂电,新赣江,七丰精工,荣亿精密,九菱科技
873339,873527,873570,873576,873593,873665
恒太照明,夜光明,坤博精工,天力复合,鼎智科技,科强股份
873679,873690,873693,873703,873706,873726
前进科技,捷众科技,阿为特,广厦环能,铁拓机械,卓兆点胶
873806,873833,920002,920008,920016,920019
云星宇,美心翼申,万达轴承,成电光信,中草香料,铜冠矿建
920029,920060,920066,920068,920082,920088
开发科技,万源通,科拜尔,天工股份,方正阀门,科力股份
920098,920099,920106,920108,920111,920116
科隆新材,瑞华技术,林泰新材,宏海科技,聚星科技,星图测控
920118,920128,920167,920445,920489,920682
太湖远大,胜业电气,同享科技,龙竹科技,佳先股份,球冠电缆
920799,920819,,,,
艾融软件,颖泰生物,,,,
