GameRound, P1_choice, P1_score, P2_choice, P2_score, GameValue
0, None, 0, None, 0, 0
1, 0, 0, None, 1, 0
1, None, 0, 0, 2, 0
2, 1, 1, None, 2, 1
2, None, 1, 1, 3, 2
3, 0, 1, None, 4, 2
3, None, 1, 0, 5, 2
4, 0, 1, None, 6, 2
4, None, 1, 0, 7, 2
5, 1, 2, None, 7, 3
5, None, 2, 1, 8, 4
6, 1, 3, None, 8, 5
6, None, 3, 1, 9, 6
7, 1, 4, None, 9, 7
7, None, 4, 1, 10, 8
8, 1, 5, None, 10, 9
8, None, 5, 1, 11, 10
9, 1, 6, None, 11, 11
9, None, 6, 1, 12, 12
10, 0, 6, None, 13, 12
10, None, 6, 0, 14, 12
11, 0, 6, None, 15, 12
11, None, 6, 0, 16, 12
12, 1, 7, None, 16, 13
12, None, 7, 1, 17, 14
13, 0, 7, None, 18, 14
13, None, 7, 0, 19, 14
14, 0, 7, None, 20, 14
14, None, 7, 0, 21, 14
15, 0, 7, None, 22, 14
15, None, 7, 0, 23, 14
16, 0, 7, None, 24, 14
16, None, 7, 0, 25, 14
17, 1, 8, None, 25, 15
17, None, 8, 1, 26, 16
18, 0, 8, None, 27, 16
18, None, 8, 0, 28, 16
19, 1, 9, None, 28, 17
19, None, 9, 1, 29, 18
20, 0, 9, None, 30, 18
20, None, 9, 0, 31, 18
21, 1, 10, None, 31, 19
21, None, 10, 1, 32, 20
22, 1, 11, None, 32, 21
22, None, 11, 1, 33, 22
23, 1, 12, None, 33, 23
23, None, 12, 1, 34, 24
24, 1, 13, None, 34, 25
24, None, 13, 1, 35, 26
25, 1, 14, None, 35, 27
25, None, 14, 1, 36, 28
26, 0, 14, None, 37, 28
26, None, 14, 0, 38, 28
27, 0, 14, None, 39, 28
27, None, 14, 0, 40, 28
28, 0, 14, None, 41, 28
28, None, 14, 0, 42, 28
29, 1, 15, None, 42, 29
29, None, 15, 1, 43, 30
30, 0, 15, None, 44, 30
30, None, 15, 0, 45, 30
31, 0, 15, None, 46, 30
31, None, 15, 0, 47, 30
32, 1, 16, None, 47, 31
32, None, 16, 1, 48, 32
33, 0, 16, None, 49, 32
33, None, 16, 0, 50, 32
34, 1, 17, None, 50, 33
34, None, 17, 1, 51, 34
35, 1, 18, None, 51, 35
35, None, 18, 1, 52, 36
36, 1, 19, None, 52, 37
36, None, 19, 1, 53, 38
37, 1, 20, None, 53, 39
37, None, 20, 1, 54, 40
38, 0, 20, None, 55, 40
38, None, 20, 0, 56, 40
39, 0, 20, None, 57, 40
39, None, 20, 0, 58, 40
40, 0, 20, None, 59, 40
40, None, 20, 0, 60, 40
41, 0, 20, None, 61, 40
41, None, 20, 0, 62, 40
42, 1, 21, None, 62, 41
42, None, 21, 1, 63, 42
43, 1, 22, None, 63, 43
43, None, 22, 1, 64, 44
44, 1, 23, None, 64, 45
44, None, 23, 1, 65, 46
45, 1, 24, None, 65, 47
45, None, 24, 1, 66, 48
46, 0, 24, None, 67, 48
46, None, 24, 0, 68, 48
47, 1, 25, None, 68, 49
47, None, 25, 1, 69, 50
48, 0, 25, None, 70, 50
48, None, 25, 0, 71, 50
49, 0, 25, None, 72, 50
49, None, 25, 0, 73, 50
50, 0, 25, None, 74, 50
50, None, 25, 0, 75, 50
51, 0, 25, None, 76, 50
51, None, 25, 0, 77, 50
52, 0, 25, None, 78, 50
52, None, 25, 0, 79, 50
53, 0, 25, None, 80, 50
53, None, 25, 0, 81, 50
54, 1, 26, None, 81, 51
54, None, 26, 1, 82, 52
55, 1, 27, None, 82, 53
55, None, 27, 1, 83, 54
56, 0, 27, None, 84, 54
56, None, 27, 0, 85, 54
57, 0, 27, None, 86, 54
57, None, 27, 0, 87, 54
58, 0, 27, None, 88, 54
58, None, 27, 0, 89, 54
59, 0, 27, None, 90, 54
59, None, 27, 0, 91, 54
60, 1, 28, None, 91, 55
60, None, 28, 1, 92, 56
61, 0, 28, None, 93, 56
61, None, 28, 0, 94, 56
62, 1, 29, None, 94, 57
62, None, 29, 1, 95, 58
63, 0, 29, None, 96, 58
63, None, 29, 0, 97, 58
64, 1, 30, None, 97, 59
64, None, 30, 1, 98, 60
65, 1, 31, None, 98, 61
65, None, 31, 1, 99, 62
66, 0, 31, None, 100, 62
66, None, 31, 0, 101, 62
67, 0, 31, None, 102, 62
67, None, 31, 0, 103, 62
68, 0, 31, None, 104, 62
68, None, 31, 0, 105, 62
69, 1, 32, None, 105, 63
69, None, 32, 1, 106, 64
70, 1, 33, None, 106, 65
70, None, 33, 1, 107, 66
71, 1, 34, None, 107, 67
71, None, 34, 1, 108, 68
72, 1, 35, None, 108, 69
72, None, 35, 1, 109, 70
73, 1, 36, None, 109, 71
73, None, 36, 1, 110, 72
74, 1, 37, None, 110, 73
74, None, 37, 1, 111, 74
75, 0, 37, None, 112, 74
75, None, 37, 0, 113, 74
76, 1, 38, None, 113, 75
76, None, 38, 1, 114, 76
77, 0, 38, None, 115, 76
77, None, 38, 0, 116, 76
78, 0, 38, None, 117, 76
78, None, 38, 0, 118, 76
79, 0, 38, None, 119, 76
79, None, 38, 0, 120, 76
80, 1, 39, None, 120, 77
80, None, 39, 1, 121, 78
81, 1, 40, None, 121, 79
81, None, 40, 1, 122, 80
82, 0, 40, None, 123, 80
82, None, 40, 0, 124, 80
83, 0, 40, None, 125, 80
83, None, 40, 0, 126, 80
84, 0, 40, None, 127, 80
84, None, 40, 0, 128, 80
85, 1, 41, None, 128, 81
85, None, 41, 1, 129, 82
86, 0, 41, None, 130, 82
86, None, 41, 0, 131, 82
87, 0, 41, None, 132, 82
87, None, 41, 0, 133, 82
88, 0, 41, None, 134, 82
88, None, 41, 0, 135, 82
89, 0, 41, None, 136, 82
89, None, 41, 0, 137, 82
90, 0, 41, None, 138, 82
90, None, 41, 0, 139, 82
91, 0, 41, None, 140, 82
91, None, 41, 0, 141, 82
92, 0, 41, None, 142, 82
92, None, 41, 0, 143, 82
93, 0, 41, None, 144, 82
93, None, 41, 0, 145, 82
94, 0, 41, None, 146, 82
94, None, 41, 0, 147, 82
95, 1, 42, None, 147, 83
95, None, 42, 1, 148, 84
96, 1, 43, None, 148, 85
96, None, 43, 1, 149, 86
97, 0, 43, None, 150, 86
97, None, 43, 0, 151, 86
98, 1, 44, None, 151, 87
98, None, 44, 1, 152, 88
99, 0, 44, None, 153, 88
99, None, 44, 0, 154, 88
100, 0, 44, None, 155, 88
100, None, 44, 0, 156, 88
101, 0, 44, None, 157, 88
101, None, 44, 0, 158, 88
102, 0, 44, None, 159, 88
102, None, 44, 0, 160, 88
103, 0, 44, None, 161, 88
103, None, 44, 0, 162, 88
104, 1, 45, None, 162, 89
104, None, 45, 1, 163, 90
105, 0, 45, None, 164, 90
105, None, 45, 0, 165, 90
106, 0, 45, None, 166, 90
106, None, 45, 0, 167, 90
107, 1, 46, None, 167, 91
107, None, 46, 1, 168, 92
108, 0, 46, None, 169, 92
108, None, 46, 0, 170, 92
109, 1, 47, None, 170, 93
109, None, 47, 1, 171, 94
110, 0, 47, None, 172, 94
110, None, 47, 0, 173, 94
111, 1, 48, None, 173, 95
111, None, 48, 1, 174, 96
112, 0, 48, None, 175, 96
112, None, 48, 0, 176, 96
113, 1, 49, None, 176, 97
113, None, 49, 1, 177, 98
114, 1, 50, None, 177, 99
114, None, 50, 1, 178, 100
115, 0, 50, None, 179, 100
115, None, 50, 0, 180, 100
116, 0, 50, None, 181, 100
116, None, 50, 0, 182, 100
117, 1, 51, None, 182, 101
117, None, 51, 1, 183, 102
118, 1, 52, None, 183, 103
118, None, 52, 1, 184, 104
119, 1, 53, None, 184, 105
119, None, 53, 1, 185, 106
120, 1, 54, None, 185, 107
120, None, 54, 1, 186, 108
121, 0, 54, None, 187, 108
121, None, 54, 0, 188, 108
122, 1, 55, None, 188, 109
122, None, 55, 1, 189, 110
123, 1, 56, None, 189, 111
123, None, 56, 1, 190, 112
124, 0, 56, None, 191, 112
124, None, 56, 0, 192, 112
125, 0, 56, None, 193, 112
125, None, 56, 0, 194, 112
126, 0, 56, None, 195, 112
126, None, 56, 0, 196, 112
127, 1, 57, None, 196, 113
127, None, 57, 1, 197, 114
128, 0, 57, None, 198, 114
128, None, 57, 0, 199, 114
129, 0, 57, None, 200, 114
129, None, 57, 0, 201, 114
130, 1, 58, None, 201, 115
130, None, 58, 1, 202, 116
131, 0, 58, None, 203, 116
131, None, 58, 0, 204, 116
132, 0, 58, None, 205, 116
132, None, 58, 0, 206, 116
133, 0, 58, None, 207, 116
133, None, 58, 0, 208, 116
134, 1, 59, None, 208, 117
134, None, 59, 1, 209, 118
135, 0, 59, None, 210, 118
135, None, 59, 0, 211, 118
136, 0, 59, None, 212, 118
136, None, 59, 0, 213, 118
137, 0, 59, None, 214, 118
137, None, 59, 0, 215, 118
138, 1, 60, None, 215, 119
138, None, 60, 1, 216, 120
139, 1, 61, None, 216, 121
139, None, 61, 1, 217, 122
140, 1, 62, None, 217, 123
140, None, 62, 1, 218, 124
141, 1, 63, None, 218, 125
141, None, 63, 1, 219, 126
142, 1, 64, None, 219, 127
142, None, 64, 1, 220, 128
143, 1, 65, None, 220, 129
143, None, 65, 1, 221, 130
144, 0, 65, None, 222, 130
144, None, 65, 0, 223, 130
145, 0, 65, None, 224, 130
145, None, 65, 0, 225, 130
146, 1, 66, None, 225, 131
146, None, 66, 1, 226, 132
147, 1, 67, None, 226, 133
147, None, 67, 1, 227, 134
148, 0, 67, None, 228, 134
148, None, 67, 0, 229, 134
149, 0, 67, None, 230, 134
149, None, 67, 0, 231, 134
150, 0, 67, None, 232, 134
150, None, 67, 0, 233, 134
151, 0, 67, None, 234, 134
151, None, 67, 0, 235, 134
152, 0, 67, None, 236, 134
152, None, 67, 0, 237, 134
153, 0, 67, None, 238, 134
153, None, 67, 0, 239, 134
154, 0, 67, None, 240, 134
154, None, 67, 0, 241, 134
155, 1, 68, None, 241, 135
155, None, 68, 1, 242, 136
156, 0, 68, None, 243, 136
156, None, 68, 0, 244, 136
157, 1, 69, None, 244, 137
157, None, 69, 1, 245, 138
158, 0, 69, None, 246, 138
158, None, 69, 0, 247, 138
159, 1, 70, None, 247, 139
159, None, 70, 1, 248, 140
160, 1, 71, None, 248, 141
160, None, 71, 1, 249, 142
161, 0, 71, None, 250, 142
161, None, 71, 0, 251, 142
162, 1, 72, None, 251, 143
162, None, 72, 1, 252, 144
163, 0, 72, None, 253, 144
163, None, 72, 0, 254, 144
164, 1, 73, None, 254, 145
164, None, 73, 1, 255, 146
165, 1, 74, None, 255, 147
165, None, 74, 1, 256, 148
166, 0, 74, None, 257, 148
166, None, 74, 0, 258, 148
167, 1, 75, None, 258, 149
167, None, 75, 1, 259, 150
168, 1, 76, None, 259, 151
168, None, 76, 1, 260, 152
169, 0, 76, None, 261, 152
169, None, 76, 0, 262, 152
170, 0, 76, None, 263, 152
170, None, 76, 0, 264, 152
171, 1, 77, None, 264, 153
171, None, 77, 1, 265, 154
172, 0, 77, None, 266, 154
172, None, 77, 0, 267, 154
173, 0, 77, None, 268, 154
173, None, 77, 0, 269, 154
174, 0, 77, None, 270, 154
174, None, 77, 0, 271, 154
175, 1, 78, None, 271, 155
175, None, 78, 1, 272, 156
176, 0, 78, None, 273, 156
176, None, 78, 0, 274, 156
177, 0, 78, None, 275, 156
177, None, 78, 0, 276, 156
178, 1, 79, None, 276, 157
178, None, 79, 1, 277, 158
179, 0, 79, None, 278, 158
179, None, 79, 0, 279, 158
180, 0, 79, None, 280, 158
180, None, 79, 0, 281, 158
181, 0, 79, None, 282, 158
181, None, 79, 0, 283, 158
182, 0, 79, None, 284, 158
182, None, 79, 0, 285, 158
183, 1, 80, None, 285, 159
183, None, 80, 1, 286, 160
184, 1, 81, None, 286, 161
184, None, 81, 1, 287, 162
185, 1, 82, None, 287, 163
185, None, 82, 1, 288, 164
186, 0, 82, None, 289, 164
186, None, 82, 0, 290, 164
187, 1, 83, None, 290, 165
187, None, 83, 1, 291, 166
188, 0, 83, None, 292, 166
188, None, 83, 0, 293, 166
189, 1, 84, None, 293, 167
189, None, 84, 1, 294, 168
190, 1, 85, None, 294, 169
190, None, 85, 1, 295, 170
191, 0, 85, None, 296, 170
191, None, 85, 0, 297, 170
192, 1, 86, None, 297, 171
192, None, 86, 1, 298, 172
193, 0, 86, None, 299, 172
193, None, 86, 0, 300, 172
194, 1, 87, None, 300, 173
194, None, 87, 1, 301, 174
195, 1, 88, None, 301, 175
195, None, 88, 1, 302, 176
196, 0, 88, None, 303, 176
196, None, 88, 0, 304, 176
197, 1, 89, None, 304, 177
197, None, 89, 1, 305, 178
198, 1, 90, None, 305, 179
198, None, 90, 1, 306, 180
199, 0, 90, None, 307, 180
199, None, 90, 0, 308, 180
200, 1, 91, None, 308, 181
200, None, 91, 1, 309, 182
201, 1, 92, None, 309, 183
201, None, 92, 1, 310, 184
202, 1, 93, None, 310, 185
202, None, 93, 1, 311, 186
203, 0, 93, None, 312, 186
203, None, 93, 0, 313, 186
204, 1, 94, None, 313, 187
204, None, 94, 1, 314, 188
205, 0, 94, None, 315, 188
205, None, 94, 0, 316, 188
206, 1, 95, None, 316, 189
206, None, 95, 1, 317, 190
207, 1, 96, None, 317, 191
207, None, 96, 1, 318, 192
208, 0, 96, None, 319, 192
208, None, 96, 0, 320, 192
209, 1, 97, None, 320, 193
209, None, 97, 1, 321, 194
210, 0, 97, None, 322, 194
210, None, 97, 0, 323, 194
211, 1, 98, None, 323, 195
211, None, 98, 1, 324, 196
212, 0, 98, None, 325, 196
212, None, 98, 0, 326, 196
213, 0, 98, None, 327, 196
213, None, 98, 0, 328, 196
214, 0, 98, None, 329, 196
214, None, 98, 0, 330, 196
215, 0, 98, None, 331, 196
215, None, 98, 0, 332, 196
216, 0, 98, None, 333, 196
216, None, 98, 0, 334, 196
217, 1, 99, None, 334, 197
217, None, 99, 1, 335, 198
218, 0, 99, None, 336, 198
218, None, 99, 0, 337, 198
219, 0, 99, None, 338, 198
219, None, 99, 0, 339, 198
220, 1, 100, None, 339, 199
220, None, 100, 1, 340, 200
221, 1, 101, None, 340, 201
221, None, 101, 1, 341, 202
222, 0, 101, None, 342, 202
222, None, 101, 0, 343, 202
223, 0, 101, None, 344, 202
223, None, 101, 0, 345, 202
224, 1, 102, None, 345, 203
224, None, 102, 1, 346, 204
225, 0, 102, None, 347, 204
225, None, 102, 0, 348, 204
226, 1, 103, None, 348, 205
226, None, 103, 1, 349, 206
227, 0, 103, None, 350, 206
227, None, 103, 0, 351, 206
228, 1, 104, None, 351, 207
228, None, 104, 1, 352, 208
229, 1, 105, None, 352, 209
229, None, 105, 1, 353, 210
230, 1, 106, None, 353, 211
230, None, 106, 1, 354, 212
231, 0, 106, None, 355, 212
231, None, 106, 0, 356, 212
232, 1, 107, None, 356, 213
232, None, 107, 1, 357, 214
233, 0, 107, None, 358, 214
233, None, 107, 0, 359, 214
234, 0, 107, None, 360, 214
234, None, 107, 0, 361, 214
235, 0, 107, None, 362, 214
235, None, 107, 0, 363, 214
236, 0, 107, None, 364, 214
236, None, 107, 0, 365, 214
237, 0, 107, None, 366, 214
237, None, 107, 0, 367, 214
238, 1, 108, None, 367, 215
238, None, 108, 1, 368, 216
239, 1, 109, None, 368, 217
239, None, 109, 1, 369, 218
240, 0, 109, None, 370, 218
240, None, 109, 0, 371, 218
241, 1, 110, None, 371, 219
241, None, 110, 1, 372, 220
242, 1, 111, None, 372, 221
242, None, 111, 1, 373, 222
243, 1, 112, None, 373, 223
243, None, 112, 1, 374, 224
244, 1, 113, None, 374, 225
244, None, 113, 1, 375, 226
245, 0, 113, None, 376, 226
245, None, 113, 0, 377, 226
246, 1, 114, None, 377, 227
246, None, 114, 1, 378, 228
247, 0, 114, None, 379, 228
247, None, 114, 0, 380, 228
248, 0, 114, None, 381, 228
248, None, 114, 0, 382, 228
249, 0, 114, None, 383, 228
249, None, 114, 0, 384, 228
250, 0, 114, None, 385, 228
250, None, 114, 0, 386, 228
251, 0, 114, None, 387, 228
251, None, 114, 0, 388, 228
252, 0, 114, None, 389, 228
252, None, 114, 0, 390, 228
253, 1, 115, None, 390, 229
253, None, 115, 1, 391, 230
254, 0, 115, None, 392, 230
254, None, 115, 0, 393, 230
255, 0, 115, None, 394, 230
255, None, 115, 0, 395, 230
256, 0, 115, None, 396, 230
256, None, 115, 0, 397, 230
257, 1, 116, None, 397, 231
257, None, 116, 1, 398, 232
258, 1, 117, None, 398, 233
258, None, 117, 1, 399, 234
259, 0, 117, None, 400, 234
259, None, 117, 0, 401, 234
260, 1, 118, None, 401, 235
260, None, 118, 1, 402, 236
261, 1, 119, None, 402, 237
261, None, 119, 1, 403, 238
262, 1, 120, None, 403, 239
262, None, 120, 1, 404, 240
263, 1, 121, None, 404, 241
263, None, 121, 1, 405, 242
264, 0, 121, None, 406, 242
264, None, 121, 0, 407, 242
265, 0, 121, None, 408, 242
265, None, 121, 0, 409, 242
266, 0, 121, None, 410, 242
266, None, 121, 0, 411, 242
267, 0, 121, None, 412, 242
267, None, 121, 0, 413, 242
268, 1, 122, None, 413, 243
268, None, 122, 1, 414, 244
269, 0, 122, None, 415, 244
269, None, 122, 0, 416, 244
270, 0, 122, None, 417, 244
270, None, 122, 0, 418, 244
271, 1, 123, None, 418, 245
271, None, 123, 1, 419, 246
272, 0, 123, None, 420, 246
272, None, 123, 0, 421, 246
273, 1, 124, None, 421, 247
273, None, 124, 1, 422, 248
274, 0, 124, None, 423, 248
274, None, 124, 0, 424, 248
275, 1, 125, None, 424, 249
275, None, 125, 1, 425, 250
276, 1, 126, None, 425, 251
276, None, 126, 1, 426, 252
277, 0, 126, None, 427, 252
277, None, 126, 0, 428, 252
278, 0, 126, None, 429, 252
278, None, 126, 0, 430, 252
279, 1, 127, None, 430, 253
279, None, 127, 1, 431, 254
280, 1, 128, None, 431, 255
280, None, 128, 1, 432, 256
281, 1, 129, None, 432, 257
281, None, 129, 1, 433, 258
282, 0, 129, None, 434, 258
282, None, 129, 0, 435, 258
283, 1, 130, None, 435, 259
283, None, 130, 1, 436, 260
284, 0, 130, None, 437, 260
284, None, 130, 0, 438, 260
285, 0, 130, None, 439, 260
285, None, 130, 0, 440, 260
286, 0, 130, None, 441, 260
286, None, 130, 0, 442, 260
287, 0, 130, None, 443, 260
287, None, 130, 0, 444, 260
288, 1, 131, None, 444, 261
288, None, 131, 1, 445, 262
289, 1, 132, None, 445, 263
289, None, 132, 1, 446, 264
290, 0, 132, None, 447, 264
290, None, 132, 0, 448, 264
291, 0, 132, None, 449, 264
291, None, 132, 0, 450, 264
292, 0, 132, None, 451, 264
292, None, 132, 0, 452, 264
293, 0, 132, None, 453, 264
293, None, 132, 0, 454, 264
294, 1, 133, None, 454, 265
294, None, 133, 1, 455, 266
295, 1, 134, None, 455, 267
295, None, 134, 1, 456, 268
296, 1, 135, None, 456, 269
296, None, 135, 1, 457, 270
297, 1, 136, None, 457, 271
297, None, 136, 1, 458, 272
298, 0, 136, None, 459, 272
298, None, 136, 0, 460, 272
299, 0, 136, None, 461, 272
299, None, 136, 0, 462, 272
300, 1, 137, None, 462, 273
300, None, 137, 1, 463, 274
301, 1, 138, None, 463, 275
301, None, 138, 1, 464, 276
302, 0, 138, None, 465, 276
302, None, 138, 0, 466, 276
303, 1, 139, None, 466, 277
303, None, 139, 1, 467, 278
304, 0, 139, None, 468, 278
304, None, 139, 0, 469, 278
305, 0, 139, None, 470, 278
305, None, 139, 0, 471, 278
306, 0, 139, None, 472, 278
306, None, 139, 0, 473, 278
307, 0, 139, None, 474, 278
307, None, 139, 0, 475, 278
308, 0, 139, None, 476, 278
308, None, 139, 0, 477, 278
309, 0, 139, None, 478, 278
309, None, 139, 0, 479, 278
310, 0, 139, None, 480, 278
310, None, 139, 0, 481, 278
311, 0, 139, None, 482, 278
311, None, 139, 0, 483, 278
312, 1, 140, None, 483, 279
312, None, 140, 1, 484, 280
313, 0, 140, None, 485, 280
313, None, 140, 0, 486, 280
314, 0, 140, None, 487, 280
314, None, 140, 0, 488, 280
315, 0, 140, None, 489, 280
315, None, 140, 0, 490, 280
316, 1, 141, None, 490, 281
316, None, 141, 1, 491, 282
317, 1, 142, None, 491, 283
317, None, 142, 1, 492, 284
318, 1, 143, None, 492, 285
318, None, 143, 1, 493, 286
319, 1, 144, None, 493, 287
319, None, 144, 1, 494, 288
320, 1, 145, None, 494, 289
320, None, 145, 1, 495, 290
321, 0, 145, None, 496, 290
321, None, 145, 0, 497, 290
322, 1, 146, None, 497, 291
322, None, 146, 1, 498, 292
323, 0, 146, None, 499, 292
323, None, 146, 0, 500, 292
324, 1, 147, None, 500, 293
324, None, 147, 1, 501, 294
325, 0, 147, None, 502, 294
325, None, 147, 0, 503, 294
326, 1, 148, None, 503, 295
326, None, 148, 1, 504, 296
327, 1, 149, None, 504, 297
327, None, 149, 1, 505, 298
328, 0, 149, None, 506, 298
328, None, 149, 0, 507, 298
329, 0, 149, None, 508, 298
329, None, 149, 0, 509, 298
330, 1, 150, None, 509, 299
330, None, 150, 1, 510, 300
331, 0, 150, None, 511, 300
331, None, 150, 0, 512, 300
332, 0, 150, None, 513, 300
332, None, 150, 0, 514, 300
333, 1, 151, None, 514, 301
333, None, 151, 1, 515, 302
334, 1, 152, None, 515, 303
334, None, 152, 1, 516, 304
335, 1, 153, None, 516, 305
335, None, 153, 1, 517, 306
336, 1, 154, None, 517, 307
336, None, 154, 1, 518, 308
337, 1, 155, None, 518, 309
337, None, 155, 1, 519, 310
338, 1, 156, None, 519, 311
338, None, 156, 1, 520, 312
339, 1, 157, None, 520, 313
339, None, 157, 1, 521, 314
340, 0, 157, None, 522, 314
340, None, 157, 0, 523, 314
341, 1, 158, None, 523, 315
341, None, 158, 1, 524, 316
342, 1, 159, None, 524, 317
342, None, 159, 1, 525, 318
343, 1, 160, None, 525, 319
343, None, 160, 1, 526, 320
344, 0, 160, None, 527, 320
344, None, 160, 0, 528, 320
345, 1, 161, None, 528, 321
345, None, 161, 1, 529, 322
346, 0, 161, None, 530, 322
346, None, 161, 0, 531, 322
347, 0, 161, None, 532, 322
347, None, 161, 0, 533, 322
348, 1, 162, None, 533, 323
348, None, 162, 1, 534, 324
349, 1, 163, None, 534, 325
349, None, 163, 1, 535, 326
350, 1, 164, None, 535, 327
350, None, 164, 1, 536, 328
351, 0, 164, None, 537, 328
351, None, 164, 0, 538, 328
352, 0, 164, None, 539, 328
352, None, 164, 0, 540, 328
353, 1, 165, None, 540, 329
353, None, 165, 1, 541, 330
354, 0, 165, None, 542, 330
354, None, 165, 0, 543, 330
355, 0, 165, None, 544, 330
355, None, 165, 0, 545, 330
356, 1, 166, None, 545, 331
356, None, 166, 1, 546, 332
357, 0, 166, None, 547, 332
357, None, 166, 0, 548, 332
358, 0, 166, None, 549, 332
358, None, 166, 0, 550, 332
359, 1, 167, None, 550, 333
359, None, 167, 1, 551, 334
360, 0, 167, None, 552, 334
360, None, 167, 0, 553, 334
361, 0, 167, None, 554, 334
361, None, 167, 0, 555, 334
362, 0, 167, None, 556, 334
362, None, 167, 0, 557, 334
363, 0, 167, None, 558, 334
363, None, 167, 0, 559, 334
364, 1, 168, None, 559, 335
364, None, 168, 1, 560, 336
365, 0, 168, None, 561, 336
365, None, 168, 0, 562, 336
366, 1, 169, None, 562, 337
366, None, 169, 1, 563, 338
367, 0, 169, None, 564, 338
367, None, 169, 0, 565, 338
368, 1, 170, None, 565, 339
368, None, 170, 1, 566, 340
369, 0, 170, None, 567, 340
369, None, 170, 0, 568, 340
370, 1, 171, None, 568, 341
370, None, 171, 1, 569, 342
371, 1, 172, None, 569, 343
371, None, 172, 1, 570, 344
372, 1, 173, None, 570, 345
372, None, 173, 1, 571, 346
373, 1, 174, None, 571, 347
373, None, 174, 1, 572, 348
374, 0, 174, None, 573, 348
374, None, 174, 0, 574, 348
375, 0, 174, None, 575, 348
375, None, 174, 0, 576, 348
376, 1, 175, None, 576, 349
376, None, 175, 1, 577, 350
377, 0, 175, None, 578, 350
377, None, 175, 0, 579, 350
378, 1, 176, None, 579, 351
378, None, 176, 1, 580, 352
379, 1, 177, None, 580, 353
379, None, 177, 1, 581, 354
380, 1, 178, None, 581, 355
380, None, 178, 1, 582, 356
381, 0, 178, None, 583, 356
381, None, 178, 0, 584, 356
382, 0, 178, None, 585, 356
382, None, 178, 0, 586, 356
383, 0, 178, None, 587, 356
383, None, 178, 0, 588, 356
384, 0, 178, None, 589, 356
384, None, 178, 0, 590, 356
385, 0, 178, None, 591, 356
385, None, 178, 0, 592, 356
386, 0, 178, None, 593, 356
386, None, 178, 0, 594, 356
387, 1, 179, None, 594, 357
387, None, 179, 1, 595, 358
388, 1, 180, None, 595, 359
388, None, 180, 1, 596, 360
389, 0, 180, None, 597, 360
389, None, 180, 0, 598, 360
390, 0, 180, None, 599, 360
390, None, 180, 0, 600, 360
391, 0, 180, None, 601, 360
391, None, 180, 0, 602, 360
392, 1, 181, None, 602, 361
392, None, 181, 1, 603, 362
393, 1, 182, None, 603, 363
393, None, 182, 1, 604, 364
394, 1, 183, None, 604, 365
394, None, 183, 1, 605, 366
395, 1, 184, None, 605, 367
395, None, 184, 1, 606, 368
396, 0, 184, None, 607, 368
396, None, 184, 0, 608, 368
397, 0, 184, None, 609, 368
397, None, 184, 0, 610, 368
398, 1, 185, None, 610, 369
398, None, 185, 1, 611, 370
399, 0, 185, None, 612, 370
399, None, 185, 0, 613, 370
400, 0, 185, None, 614, 370
400, None, 185, 0, 615, 370
401, 1, 186, None, 615, 371
401, None, 186, 1, 616, 372
402, 1, 187, None, 616, 373
402, None, 187, 1, 617, 374
403, 1, 188, None, 617, 375
403, None, 188, 1, 618, 376
404, 1, 189, None, 618, 377
404, None, 189, 1, 619, 378
405, 0, 189, None, 620, 378
405, None, 189, 0, 621, 378
406, 1, 190, None, 621, 379
406, None, 190, 1, 622, 380
407, 0, 190, None, 623, 380
407, None, 190, 0, 624, 380
408, 0, 190, None, 625, 380
408, None, 190, 0, 626, 380
409, 0, 190, None, 627, 380
409, None, 190, 0, 628, 380
410, 0, 190, None, 629, 380
410, None, 190, 0, 630, 380
411, 1, 191, None, 630, 381
411, None, 191, 1, 631, 382
412, 0, 191, None, 632, 382
412, None, 191, 0, 633, 382
413, 1, 192, None, 633, 383
413, None, 192, 1, 634, 384
414, 1, 193, None, 634, 385
414, None, 193, 1, 635, 386
415, 1, 194, None, 635, 387
415, None, 194, 1, 636, 388
416, 0, 194, None, 637, 388
416, None, 194, 0, 638, 388
417, 1, 195, None, 638, 389
417, None, 195, 1, 639, 390
418, 0, 195, None, 640, 390
418, None, 195, 0, 641, 390
419, 1, 196, None, 641, 391
419, None, 196, 1, 642, 392
420, 1, 197, None, 642, 393
420, None, 197, 1, 643, 394
421, 0, 197, None, 644, 394
421, None, 197, 0, 645, 394
422, 0, 197, None, 646, 394
422, None, 197, 0, 647, 394
423, 1, 198, None, 647, 395
423, None, 198, 1, 648, 396
424, 1, 199, None, 648, 397
424, None, 199, 1, 649, 398
425, 1, 200, None, 649, 399
425, None, 200, 1, 650, 400
426, 1, 201, None, 650, 401
426, None, 201, 1, 651, 402
427, 1, 202, None, 651, 403
427, None, 202, 1, 652, 404
428, 1, 203, None, 652, 405
428, None, 203, 1, 653, 406
429, 1, 204, None, 653, 407
429, None, 204, 1, 654, 408
430, 0, 204, None, 655, 408
430, None, 204, 0, 656, 408
431, 0, 204, None, 657, 408
431, None, 204, 0, 658, 408
432, 1, 205, None, 658, 409
432, None, 205, 1, 659, 410
433, 1, 206, None, 659, 411
433, None, 206, 1, 660, 412
434, 0, 206, None, 661, 412
434, None, 206, 0, 662, 412
435, 0, 206, None, 663, 412
435, None, 206, 0, 664, 412
436, 1, 207, None, 664, 413
436, None, 207, 1, 665, 414
437, 1, 208, None, 665, 415
437, None, 208, 1, 666, 416
438, 1, 209, None, 666, 417
438, None, 209, 1, 667, 418
439, 1, 210, None, 667, 419
439, None, 210, 1, 668, 420
440, 1, 211, None, 668, 421
440, None, 211, 1, 669, 422
441, 0, 211, None, 670, 422
441, None, 211, 0, 671, 422
442, 1, 212, None, 671, 423
442, None, 212, 1, 672, 424
443, 1, 213, None, 672, 425
443, None, 213, 1, 673, 426
444, 0, 213, None, 674, 426
444, None, 213, 0, 675, 426
445, 0, 213, None, 676, 426
445, None, 213, 0, 677, 426
446, 1, 214, None, 677, 427
446, None, 214, 1, 678, 428
447, 1, 215, None, 678, 429
447, None, 215, 1, 679, 430
448, 0, 215, None, 680, 430
448, None, 215, 0, 681, 430
449, 1, 216, None, 681, 431
449, None, 216, 1, 682, 432
450, 1, 217, None, 682, 433
450, None, 217, 1, 683, 434
451, 0, 217, None, 684, 434
451, None, 217, 0, 685, 434
452, 1, 218, None, 685, 435
452, None, 218, 1, 686, 436
453, 0, 218, None, 687, 436
453, None, 218, 0, 688, 436
454, 0, 218, None, 689, 436
454, None, 218, 0, 690, 436
455, 1, 219, None, 690, 437
455, None, 219, 1, 691, 438
456, 1, 220, None, 691, 439
456, None, 220, 1, 692, 440
457, 1, 221, None, 692, 441
457, None, 221, 1, 693, 442
458, 0, 221, None, 694, 442
458, None, 221, 0, 695, 442
459, 1, 222, None, 695, 443
459, None, 222, 1, 696, 444
460, 0, 222, None, 697, 444
460, None, 222, 0, 698, 444
461, 0, 222, None, 699, 444
461, None, 222, 0, 700, 444
462, 1, 223, None, 700, 445
462, None, 223, 1, 701, 446
463, 1, 224, None, 701, 447
463, None, 224, 1, 702, 448
464, 0, 224, None, 703, 448
464, None, 224, 0, 704, 448
465, 1, 225, None, 704, 449
465, None, 225, 1, 705, 450
466, 1, 226, None, 705, 451
466, None, 226, 1, 706, 452
467, 0, 226, None, 707, 452
467, None, 226, 0, 708, 452
468, 0, 226, None, 709, 452
468, None, 226, 0, 710, 452
469, 1, 227, None, 710, 453
469, None, 227, 1, 711, 454
470, 1, 228, None, 711, 455
470, None, 228, 1, 712, 456
471, 1, 229, None, 712, 457
471, None, 229, 1, 713, 458
472, 1, 230, None, 713, 459
472, None, 230, 1, 714, 460
473, 0, 230, None, 715, 460
473, None, 230, 0, 716, 460
474, 0, 230, None, 717, 460
474, None, 230, 0, 718, 460
475, 1, 231, None, 718, 461
475, None, 231, 1, 719, 462
476, 0, 231, None, 720, 462
476, None, 231, 0, 721, 462
477, 1, 232, None, 721, 463
477, None, 232, 1, 722, 464
478, 1, 233, None, 722, 465
478, None, 233, 1, 723, 466
479, 0, 233, None, 724, 466
479, None, 233, 0, 725, 466
480, 1, 234, None, 725, 467
480, None, 234, 1, 726, 468
481, 1, 235, None, 726, 469
481, None, 235, 1, 727, 470
482, 0, 235, None, 728, 470
482, None, 235, 0, 729, 470
483, 0, 235, None, 730, 470
483, None, 235, 0, 731, 470
484, 1, 236, None, 731, 471
484, None, 236, 1, 732, 472
485, 0, 236, None, 733, 472
485, None, 236, 0, 734, 472
486, 0, 236, None, 735, 472
486, None, 236, 0, 736, 472
487, 1, 237, None, 736, 473
487, None, 237, 1, 737, 474
488, 0, 237, None, 738, 474
488, None, 237, 0, 739, 474
489, 1, 238, None, 739, 475
489, None, 238, 1, 740, 476
490, 1, 239, None, 740, 477
490, None, 239, 1, 741, 478
491, 1, 240, None, 741, 479
491, None, 240, 1, 742, 480
492, 1, 241, None, 742, 481
492, None, 241, 1, 743, 482
493, 1, 242, None, 743, 483
493, None, 242, 1, 744, 484
494, 0, 242, None, 745, 484
494, None, 242, 0, 746, 484
495, 0, 242, None, 747, 484
495, None, 242, 0, 748, 484
496, 1, 243, None, 748, 485
496, None, 243, 1, 749, 486
497, 0, 243, None, 750, 486
497, None, 243, 0, 751, 486
498, 1, 244, None, 751, 487
498, None, 244, 1, 752, 488
499, 0, 244, None, 753, 488
499, None, 244, 0, 754, 488
500, 1, 245, None, 754, 489
500, None, 245, 1, 755, 490
501, 1, 246, None, 755, 491
501, None, 246, 1, 756, 492
502, 0, 246, None, 757, 492
502, None, 246, 0, 758, 492
503, 0, 246, None, 759, 492
503, None, 246, 0, 760, 492
504, 0, 246, None, 761, 492
504, None, 246, 0, 762, 492
505, 1, 247, None, 762, 493
505, None, 247, 1, 763, 494
506, 1, 248, None, 763, 495
506, None, 248, 1, 764, 496
507, 1, 249, None, 764, 497
507, None, 249, 1, 765, 498
508, 0, 249, None, 766, 498
508, None, 249, 0, 767, 498
509, 1, 250, None, 767, 499
509, None, 250, 1, 768, 500
510, 0, 250, None, 769, 500
510, None, 250, 0, 770, 500
511, 1, 251, None, 770, 501
511, None, 251, 1, 771, 502
512, 0, 251, None, 772, 502
512, None, 251, 0, 773, 502
513, 0, 251, None, 774, 502
513, None, 251, 0, 775, 502
514, 1, 252, None, 775, 503
514, None, 252, 1, 776, 504
515, 0, 252, None, 777, 504
515, None, 252, 0, 778, 504
516, 0, 252, None, 779, 504
516, None, 252, 0, 780, 504
517, 1, 253, None, 780, 505
517, None, 253, 1, 781, 506
518, 0, 253, None, 782, 506
518, None, 253, 0, 783, 506
519, 1, 254, None, 783, 507
519, None, 254, 1, 784, 508
520, 1, 255, None, 784, 509
520, None, 255, 1, 785, 510
521, 1, 256, None, 785, 511
521, None, 256, 1, 786, 512
522, 0, 256, None, 787, 512
522, None, 256, 0, 788, 512
523, 1, 257, None, 788, 513
523, None, 257, 1, 789, 514
524, 1, 258, None, 789, 515
524, None, 258, 1, 790, 516
525, 0, 258, None, 791, 516
525, None, 258, 0, 792, 516
526, 0, 258, None, 793, 516
526, None, 258, 0, 794, 516
527, 0, 258, None, 795, 516
527, None, 258, 0, 796, 516
528, 1, 259, None, 796, 517
528, None, 259, 1, 797, 518
529, 0, 259, None, 798, 518
529, None, 259, 0, 799, 518
530, 0, 259, None, 800, 518
530, None, 259, 0, 801, 518
531, 0, 259, None, 802, 518
531, None, 259, 0, 803, 518
532, 1, 260, None, 803, 519
532, None, 260, 1, 804, 520
533, 0, 260, None, 805, 520
533, None, 260, 0, 806, 520
534, 0, 260, None, 807, 520
534, None, 260, 0, 808, 520
535, 0, 260, None, 809, 520
535, None, 260, 0, 810, 520
536, 1, 261, None, 810, 521
536, None, 261, 1, 811, 522
537, 0, 261, None, 812, 522
537, None, 261, 0, 813, 522
538, 1, 262, None, 813, 523
538, None, 262, 1, 814, 524
539, 0, 262, None, 815, 524
539, None, 262, 0, 816, 524
540, 1, 263, None, 816, 525
540, None, 263, 1, 817, 526
541, 0, 263, None, 818, 526
541, None, 263, 0, 819, 526
542, 1, 264, None, 819, 527
542, None, 264, 1, 820, 528
543, 1, 265, None, 820, 529
543, None, 265, 1, 821, 530
544, 1, 266, None, 821, 531
544, None, 266, 1, 822, 532
545, 1, 267, None, 822, 533
545, None, 267, 1, 823, 534
546, 0, 267, None, 824, 534
546, None, 267, 0, 825, 534
547, 0, 267, None, 826, 534
547, None, 267, 0, 827, 534
548, 0, 267, None, 828, 534
548, None, 267, 0, 829, 534
549, 0, 267, None, 830, 534
549, None, 267, 0, 831, 534
550, 0, 267, None, 832, 534
550, None, 267, 0, 833, 534
551, 1, 268, None, 833, 535
551, None, 268, 1, 834, 536
552, 1, 269, None, 834, 537
552, None, 269, 1, 835, 538
553, 0, 269, None, 836, 538
553, None, 269, 0, 837, 538
554, 1, 270, None, 837, 539
554, None, 270, 1, 838, 540
555, 0, 270, None, 839, 540
555, None, 270, 0, 840, 540
556, 1, 271, None, 840, 541
556, None, 271, 1, 841, 542
557, 0, 271, None, 842, 542
557, None, 271, 0, 843, 542
558, 0, 271, None, 844, 542
558, None, 271, 0, 845, 542
559, 1, 272, None, 845, 543
559, None, 272, 1, 846, 544
560, 1, 273, None, 846, 545
560, None, 273, 1, 847, 546
561, 1, 274, None, 847, 547
561, None, 274, 1, 848, 548
562, 0, 274, None, 849, 548
562, None, 274, 0, 850, 548
563, 1, 275, None, 850, 549
563, None, 275, 1, 851, 550
564, 1, 276, None, 851, 551
564, None, 276, 1, 852, 552
565, 1, 277, None, 852, 553
565, None, 277, 1, 853, 554
566, 1, 278, None, 853, 555
566, None, 278, 1, 854, 556
567, 1, 279, None, 854, 557
567, None, 279, 1, 855, 558
568, 0, 279, None, 856, 558
568, None, 279, 0, 857, 558
569, 1, 280, None, 857, 559
569, None, 280, 1, 858, 560
570, 0, 280, None, 859, 560
570, None, 280, 0, 860, 560
571, 1, 281, None, 860, 561
571, None, 281, 1, 861, 562
572, 0, 281, None, 862, 562
572, None, 281, 0, 863, 562
573, 0, 281, None, 864, 562
573, None, 281, 0, 865, 562
574, 1, 282, None, 865, 563
574, None, 282, 1, 866, 564
575, 0, 282, None, 867, 564
575, None, 282, 0, 868, 564
576, 1, 283, None, 868, 565
576, None, 283, 1, 869, 566
577, 0, 283, None, 870, 566
577, None, 283, 0, 871, 566
578, 0, 283, None, 872, 566
578, None, 283, 0, 873, 566
579, 1, 284, None, 873, 567
579, None, 284, 1, 874, 568
580, 1, 285, None, 874, 569
580, None, 285, 1, 875, 570
581, 1, 286, None, 875, 571
581, None, 286, 1, 876, 572
582, 1, 287, None, 876, 573
582, None, 287, 1, 877, 574
583, 1, 288, None, 877, 575
583, None, 288, 1, 878, 576
584, 0, 288, None, 879, 576
584, None, 288, 0, 880, 576
585, 1, 289, None, 880, 577
585, None, 289, 1, 881, 578
586, 0, 289, None, 882, 578
586, None, 289, 0, 883, 578
587, 0, 289, None, 884, 578
587, None, 289, 0, 885, 578
588, 0, 289, None, 886, 578
588, None, 289, 0, 887, 578
589, 0, 289, None, 888, 578
589, None, 289, 0, 889, 578
590, 1, 290, None, 889, 579
590, None, 290, 1, 890, 580
591, 1, 291, None, 890, 581
591, None, 291, 1, 891, 582
592, 0, 291, None, 892, 582
592, None, 291, 0, 893, 582
593, 1, 292, None, 893, 583
593, None, 292, 1, 894, 584
594, 0, 292, None, 895, 584
594, None, 292, 0, 896, 584
595, 1, 293, None, 896, 585
595, None, 293, 1, 897, 586
596, 0, 293, None, 898, 586
596, None, 293, 0, 899, 586
597, 1, 294, None, 899, 587
597, None, 294, 1, 900, 588
598, 1, 295, None, 900, 589
598, None, 295, 1, 901, 590
599, 0, 295, None, 902, 590
599, None, 295, 0, 903, 590
600, 1, 296, None, 903, 591
600, None, 296, 1, 904, 592
601, 1, 297, None, 904, 593
601, None, 297, 1, 905, 594
602, 0, 297, None, 906, 594
602, None, 297, 0, 907, 594
603, 1, 298, None, 907, 595
603, None, 298, 1, 908, 596
604, 1, 299, None, 908, 597
604, None, 299, 1, 909, 598
605, 1, 300, None, 909, 599
605, None, 300, 1, 910, 600
606, 1, 301, None, 910, 601
606, None, 301, 1, 911, 602
607, 0, 301, None, 912, 602
607, None, 301, 0, 913, 602
608, 1, 302, None, 913, 603
608, None, 302, 1, 914, 604
609, 1, 303, None, 914, 605
609, None, 303, 1, 915, 606
610, 1, 304, None, 915, 607
610, None, 304, 1, 916, 608
611, 1, 305, None, 916, 609
611, None, 305, 1, 917, 610
612, 0, 305, None, 918, 610
612, None, 305, 0, 919, 610
613, 0, 305, None, 920, 610
613, None, 305, 0, 921, 610
614, 1, 306, None, 921, 611
614, None, 306, 1, 922, 612
615, 0, 306, None, 923, 612
615, None, 306, 0, 924, 612
616, 0, 306, None, 925, 612
616, None, 306, 0, 926, 612
617, 0, 306, None, 927, 612
617, None, 306, 0, 928, 612
618, 0, 306, None, 929, 612
618, None, 306, 0, 930, 612
619, 0, 306, None, 931, 612
619, None, 306, 0, 932, 612
620, 0, 306, None, 933, 612
620, None, 306, 0, 934, 612
621, 1, 307, None, 934, 613
621, None, 307, 1, 935, 614
622, 1, 308, None, 935, 615
622, None, 308, 1, 936, 616
623, 0, 308, None, 937, 616
623, None, 308, 0, 938, 616
624, 0, 308, None, 939, 616
624, None, 308, 0, 940, 616
625, 1, 309, None, 940, 617
625, None, 309, 1, 941, 618
626, 0, 309, None, 942, 618
626, None, 309, 0, 943, 618
627, 0, 309, None, 944, 618
627, None, 309, 0, 945, 618
628, 1, 310, None, 945, 619
628, None, 310, 1, 946, 620
629, 0, 310, None, 947, 620
629, None, 310, 0, 948, 620
630, 0, 310, None, 949, 620
630, None, 310, 0, 950, 620
631, 0, 310, None, 951, 620
631, None, 310, 0, 952, 620
632, 0, 310, None, 953, 620
632, None, 310, 0, 954, 620
633, 0, 310, None, 955, 620
633, None, 310, 0, 956, 620
634, 0, 310, None, 957, 620
634, None, 310, 0, 958, 620
635, 1, 311, None, 958, 621
635, None, 311, 1, 959, 622
636, 0, 311, None, 960, 622
636, None, 311, 0, 961, 622
637, 1, 312, None, 961, 623
637, None, 312, 1, 962, 624
638, 1, 313, None, 962, 625
638, None, 313, 1, 963, 626
639, 1, 314, None, 963, 627
639, None, 314, 1, 964, 628
640, 0, 314, None, 965, 628
640, None, 314, 0, 966, 628
641, 1, 315, None, 966, 629
641, None, 315, 1, 967, 630
642, 0, 315, None, 968, 630
642, None, 315, 0, 969, 630
643, 0, 315, None, 970, 630
643, None, 315, 0, 971, 630
644, 0, 315, None, 972, 630
644, None, 315, 0, 973, 630
645, 1, 316, None, 973, 631
645, None, 316, 1, 974, 632
646, 1, 317, None, 974, 633
646, None, 317, 1, 975, 634
647, 0, 317, None, 976, 634
647, None, 317, 0, 977, 634
648, 1, 318, None, 977, 635
648, None, 318, 1, 978, 636
649, 1, 319, None, 978, 637
649, None, 319, 1, 979, 638
650, 1, 320, None, 979, 639
650, None, 320, 1, 980, 640
651, 1, 321, None, 980, 641
651, None, 321, 1, 981, 642
652, 1, 322, None, 981, 643
652, None, 322, 1, 982, 644
653, 1, 323, None, 982, 645
653, None, 323, 1, 983, 646
654, 0, 323, None, 984, 646
654, None, 323, 0, 985, 646
655, 0, 323, None, 986, 646
655, None, 323, 0, 987, 646
656, 0, 323, None, 988, 646
656, None, 323, 0, 989, 646
657, 0, 323, None, 990, 646
657, None, 323, 0, 991, 646
658, 1, 324, None, 991, 647
658, None, 324, 1, 992, 648
659, 0, 324, None, 993, 648
659, None, 324, 0, 994, 648
660, 0, 324, None, 995, 648
660, None, 324, 0, 996, 648
661, 0, 324, None, 997, 648
661, None, 324, 0, 998, 648
662, 0, 324, None, 999, 648
662, None, 324, 0, 1000, 648
663, 0, 324, None, 1001, 648
663, None, 324, 0, 1002, 648
664, 1, 325, None, 1002, 649
664, None, 325, 1, 1003, 650
665, 1, 326, None, 1003, 651
665, None, 326, 1, 1004, 652
666, 0, 326, None, 1005, 652
666, None, 326, 0, 1006, 652
667, 0, 326, None, 1007, 652
667, None, 326, 0, 1008, 652
668, 1, 327, None, 1008, 653
668, None, 327, 1, 1009, 654
669, 0, 327, None, 1010, 654
669, None, 327, 0, 1011, 654
670, 0, 327, None, 1012, 654
670, None, 327, 0, 1013, 654
671, 0, 327, None, 1014, 654
671, None, 327, 0, 1015, 654
672, 1, 328, None, 1015, 655
672, None, 328, 1, 1016, 656
673, 1, 329, None, 1016, 657
673, None, 329, 1, 1017, 658
674, 0, 329, None, 1018, 658
674, None, 329, 0, 1019, 658
675, 1, 330, None, 1019, 659
675, None, 330, 1, 1020, 660
676, 1, 331, None, 1020, 661
676, None, 331, 1, 1021, 662
677, 1, 332, None, 1021, 663
677, None, 332, 1, 1022, 664
678, 1, 333, None, 1022, 665
678, None, 333, 1, 1023, 666
679, 1, 334, None, 1023, 667
679, None, 334, 1, 1024, 668
680, 0, 334, None, 1025, 668
680, None, 334, 0, 1026, 668
681, 0, 334, None, 1027, 668
681, None, 334, 0, 1028, 668
682, 1, 335, None, 1028, 669
682, None, 335, 1, 1029, 670
683, 0, 335, None, 1030, 670
683, None, 335, 0, 1031, 670
684, 0, 335, None, 1032, 670
684, None, 335, 0, 1033, 670
685, 1, 336, None, 1033, 671
685, None, 336, 1, 1034, 672
686, 0, 336, None, 1035, 672
686, None, 336, 0, 1036, 672
687, 1, 337, None, 1036, 673
687, None, 337, 1, 1037, 674
688, 1, 338, None, 1037, 675
688, None, 338, 1, 1038, 676
689, 1, 339, None, 1038, 677
689, None, 339, 1, 1039, 678
690, 0, 339, None, 1040, 678
690, None, 339, 0, 1041, 678
691, 1, 340, None, 1041, 679
691, None, 340, 1, 1042, 680
692, 0, 340, None, 1043, 680
692, None, 340, 0, 1044, 680
693, 0, 340, None, 1045, 680
693, None, 340, 0, 1046, 680
694, 1, 341, None, 1046, 681
694, None, 341, 1, 1047, 682
695, 0, 341, None, 1048, 682
695, None, 341, 0, 1049, 682
696, 1, 342, None, 1049, 683
696, None, 342, 1, 1050, 684
697, 1, 343, None, 1050, 685
697, None, 343, 1, 1051, 686
698, 1, 344, None, 1051, 687
698, None, 344, 1, 1052, 688
699, 1, 345, None, 1052, 689
699, None, 345, 1, 1053, 690
700, 0, 345, None, 1054, 690
700, None, 345, 0, 1055, 690
701, 1, 346, None, 1055, 691
701, None, 346, 1, 1056, 692
702, 1, 347, None, 1056, 693
702, None, 347, 1, 1057, 694
703, 1, 348, None, 1057, 695
703, None, 348, 1, 1058, 696
704, 0, 348, None, 1059, 696
704, None, 348, 0, 1060, 696
705, 0, 348, None, 1061, 696
705, None, 348, 0, 1062, 696
706, 0, 348, None, 1063, 696
706, None, 348, 0, 1064, 696
707, 1, 349, None, 1064, 697
707, None, 349, 1, 1065, 698
708, 1, 350, None, 1065, 699
708, None, 350, 1, 1066, 700
709, 0, 350, None, 1067, 700
709, None, 350, 0, 1068, 700
710, 1, 351, None, 1068, 701
710, None, 351, 1, 1069, 702
711, 1, 352, None, 1069, 703
711, None, 352, 1, 1070, 704
712, 1, 353, None, 1070, 705
712, None, 353, 1, 1071, 706
713, 1, 354, None, 1071, 707
713, None, 354, 1, 1072, 708
714, 0, 354, None, 1073, 708
714, None, 354, 0, 1074, 708
715, 0, 354, None, 1075, 708
715, None, 354, 0, 1076, 708
716, 1, 355, None, 1076, 709
716, None, 355, 1, 1077, 710
717, 0, 355, None, 1078, 710
717, None, 355, 0, 1079, 710
718, 0, 355, None, 1080, 710
718, None, 355, 0, 1081, 710
719, 1, 356, None, 1081, 711
719, None, 356, 1, 1082, 712
720, 1, 357, None, 1082, 713
720, None, 357, 1, 1083, 714
721, 0, 357, None, 1084, 714
721, None, 357, 0, 1085, 714
722, 0, 357, None, 1086, 714
722, None, 357, 0, 1087, 714
723, 1, 358, None, 1087, 715
723, None, 358, 1, 1088, 716
724, 1, 359, None, 1088, 717
724, None, 359, 1, 1089, 718
725, 1, 360, None, 1089, 719
725, None, 360, 1, 1090, 720
726, 1, 361, None, 1090, 721
726, None, 361, 1, 1091, 722
727, 1, 362, None, 1091, 723
727, None, 362, 1, 1092, 724
728, 0, 362, None, 1093, 724
728, None, 362, 0, 1094, 724
729, 1, 363, None, 1094, 725
729, None, 363, 1, 1095, 726
730, 1, 364, None, 1095, 727
730, None, 364, 1, 1096, 728
731, 1, 365, None, 1096, 729
731, None, 365, 1, 1097, 730
732, 0, 365, None, 1098, 730
732, None, 365, 0, 1099, 730
733, 0, 365, None, 1100, 730
733, None, 365, 0, 1101, 730
734, 1, 366, None, 1101, 731
734, None, 366, 1, 1102, 732
735, 1, 367, None, 1102, 733
735, None, 367, 1, 1103, 734
736, 1, 368, None, 1103, 735
736, None, 368, 1, 1104, 736
737, 1, 369, None, 1104, 737
737, None, 369, 1, 1105, 738
738, 1, 370, None, 1105, 739
738, None, 370, 1, 1106, 740
739, 0, 370, None, 1107, 740
739, None, 370, 0, 1108, 740
740, 1, 371, None, 1108, 741
740, None, 371, 1, 1109, 742
741, 1, 372, None, 1109, 743
741, None, 372, 1, 1110, 744
742, 1, 373, None, 1110, 745
742, None, 373, 1, 1111, 746
743, 0, 373, None, 1112, 746
743, None, 373, 0, 1113, 746
744, 0, 373, None, 1114, 746
744, None, 373, 0, 1115, 746
745, 0, 373, None, 1116, 746
745, None, 373, 0, 1117, 746
746, 0, 373, None, 1118, 746
746, None, 373, 0, 1119, 746
747, 1, 374, None, 1119, 747
747, None, 374, 1, 1120, 748
748, 1, 375, None, 1120, 749
748, None, 375, 1, 1121, 750
749, 0, 375, None, 1122, 750
749, None, 375, 0, 1123, 750
750, 0, 375, None, 1124, 750
750, None, 375, 0, 1125, 750
751, 0, 375, None, 1126, 750
751, None, 375, 0, 1127, 750
752, 1, 376, None, 1127, 751
752, None, 376, 1, 1128, 752
753, 1, 377, None, 1128, 753
753, None, 377, 1, 1129, 754
754, 0, 377, None, 1130, 754
754, None, 377, 0, 1131, 754
755, 1, 378, None, 1131, 755
755, None, 378, 1, 1132, 756
756, 0, 378, None, 1133, 756
756, None, 378, 0, 1134, 756
757, 1, 379, None, 1134, 757
757, None, 379, 1, 1135, 758
758, 0, 379, None, 1136, 758
758, None, 379, 0, 1137, 758
759, 1, 380, None, 1137, 759
759, None, 380, 1, 1138, 760
760, 0, 380, None, 1139, 760
760, None, 380, 0, 1140, 760
761, 0, 380, None, 1141, 760
761, None, 380, 0, 1142, 760
762, 1, 381, None, 1142, 761
762, None, 381, 1, 1143, 762
763, 0, 381, None, 1144, 762
763, None, 381, 0, 1145, 762
764, 1, 382, None, 1145, 763
764, None, 382, 1, 1146, 764
765, 0, 382, None, 1147, 764
765, None, 382, 0, 1148, 764
766, 1, 383, None, 1148, 765
766, None, 383, 1, 1149, 766
767, 1, 384, None, 1149, 767
767, None, 384, 1, 1150, 768
768, 0, 384, None, 1151, 768
768, None, 384, 0, 1152, 768
769, 1, 385, None, 1152, 769
769, None, 385, 1, 1153, 770
770, 1, 386, None, 1153, 771
770, None, 386, 1, 1154, 772
771, 1, 387, None, 1154, 773
771, None, 387, 1, 1155, 774
772, 0, 387, None, 1156, 774
772, None, 387, 0, 1157, 774
773, 0, 387, None, 1158, 774
773, None, 387, 0, 1159, 774
774, 0, 387, None, 1160, 774
774, None, 387, 0, 1161, 774
775, 1, 388, None, 1161, 775
775, None, 388, 1, 1162, 776
776, 1, 389, None, 1162, 777
776, None, 389, 1, 1163, 778
777, 0, 389, None, 1164, 778
777, None, 389, 0, 1165, 778
778, 0, 389, None, 1166, 778
778, None, 389, 0, 1167, 778
779, 0, 389, None, 1168, 778
779, None, 389, 0, 1169, 778
780, 0, 389, None, 1170, 778
780, None, 389, 0, 1171, 778
781, 1, 390, None, 1171, 779
781, None, 390, 1, 1172, 780
782, 0, 390, None, 1173, 780
782, None, 390, 0, 1174, 780
783, 0, 390, None, 1175, 780
783, None, 390, 0, 1176, 780
784, 1, 391, None, 1176, 781
784, None, 391, 1, 1177, 782
785, 0, 391, None, 1178, 782
785, None, 391, 0, 1179, 782
786, 0, 391, None, 1180, 782
786, None, 391, 0, 1181, 782
787, 1, 392, None, 1181, 783
787, None, 392, 1, 1182, 784
788, 0, 392, None, 1183, 784
788, None, 392, 0, 1184, 784
789, 0, 392, None, 1185, 784
789, None, 392, 0, 1186, 784
790, 1, 393, None, 1186, 785
790, None, 393, 1, 1187, 786
791, 0, 393, None, 1188, 786
791, None, 393, 0, 1189, 786
792, 1, 394, None, 1189, 787
792, None, 394, 1, 1190, 788
793, 0, 394, None, 1191, 788
793, None, 394, 0, 1192, 788
794, 1, 395, None, 1192, 789
794, None, 395, 1, 1193, 790
795, 0, 395, None, 1194, 790
795, None, 395, 0, 1195, 790
796, 0, 395, None, 1196, 790
796, None, 395, 0, 1197, 790
797, 1, 396, None, 1197, 791
797, None, 396, 1, 1198, 792
798, 1, 397, None, 1198, 793
798, None, 397, 1, 1199, 794
799, 0, 397, None, 1200, 794
799, None, 397, 0, 1201, 794
800, 0, 397, None, 1202, 794
800, None, 397, 0, 1203, 794
801, 0, 397, None, 1204, 794
801, None, 397, 0, 1205, 794
802, 0, 397, None, 1206, 794
802, None, 397, 0, 1207, 794
803, 0, 397, None, 1208, 794
803, None, 397, 0, 1209, 794
804, 1, 398, None, 1209, 795
804, None, 398, 1, 1210, 796
805, 1, 399, None, 1210, 797
805, None, 399, 1, 1211, 798
806, 0, 399, None, 1212, 798
806, None, 399, 0, 1213, 798
807, 0, 399, None, 1214, 798
807, None, 399, 0, 1215, 798
808, 1, 400, None, 1215, 799
808, None, 400, 1, 1216, 800
809, 1, 401, None, 1216, 801
809, None, 401, 1, 1217, 802
810, 0, 401, None, 1218, 802
810, None, 401, 0, 1219, 802
811, 0, 401, None, 1220, 802
811, None, 401, 0, 1221, 802
812, 0, 401, None, 1222, 802
812, None, 401, 0, 1223, 802
813, 1, 402, None, 1223, 803
813, None, 402, 1, 1224, 804
814, 1, 403, None, 1224, 805
814, None, 403, 1, 1225, 806
815, 1, 404, None, 1225, 807
815, None, 404, 1, 1226, 808
816, 1, 405, None, 1226, 809
816, None, 405, 1, 1227, 810
817, 1, 406, None, 1227, 811
817, None, 406, 1, 1228, 812
818, 0, 406, None, 1229, 812
818, None, 406, 0, 1230, 812
819, 1, 407, None, 1230, 813
819, None, 407, 1, 1231, 814
820, 0, 407, None, 1232, 814
820, None, 407, 0, 1233, 814
821, 0, 407, None, 1234, 814
821, None, 407, 0, 1235, 814
822, 1, 408, None, 1235, 815
822, None, 408, 1, 1236, 816
823, 0, 408, None, 1237, 816
823, None, 408, 0, 1238, 816
824, 0, 408, None, 1239, 816
824, None, 408, 0, 1240, 816
825, 0, 408, None, 1241, 816
825, None, 408, 0, 1242, 816
826, 1, 409, None, 1242, 817
826, None, 409, 1, 1243, 818
827, 1, 410, None, 1243, 819
827, None, 410, 1, 1244, 820
828, 1, 411, None, 1244, 821
828, None, 411, 1, 1245, 822
829, 1, 412, None, 1245, 823
829, None, 412, 1, 1246, 824
830, 1, 413, None, 1246, 825
830, None, 413, 1, 1247, 826
831, 0, 413, None, 1248, 826
831, None, 413, 0, 1249, 826
832, 1, 414, None, 1249, 827
832, None, 414, 1, 1250, 828
833, 0, 414, None, 1251, 828
833, None, 414, 0, 1252, 828
834, 1, 415, None, 1252, 829
834, None, 415, 1, 1253, 830
835, 0, 415, None, 1254, 830
835, None, 415, 0, 1255, 830
836, 1, 416, None, 1255, 831
836, None, 416, 1, 1256, 832
837, 1, 417, None, 1256, 833
837, None, 417, 1, 1257, 834
838, 0, 417, None, 1258, 834
838, None, 417, 0, 1259, 834
839, 0, 417, None, 1260, 834
839, None, 417, 0, 1261, 834
840, 0, 417, None, 1262, 834
840, None, 417, 0, 1263, 834
841, 1, 418, None, 1263, 835
841, None, 418, 1, 1264, 836
842, 1, 419, None, 1264, 837
842, None, 419, 1, 1265, 838
843, 0, 419, None, 1266, 838
843, None, 419, 0, 1267, 838
844, 1, 420, None, 1267, 839
844, None, 420, 1, 1268, 840
845, 1, 421, None, 1268, 841
845, None, 421, 1, 1269, 842
846, 1, 422, None, 1269, 843
846, None, 422, 1, 1270, 844
847, 0, 422, None, 1271, 844
847, None, 422, 0, 1272, 844
848, 0, 422, None, 1273, 844
848, None, 422, 0, 1274, 844
849, 0, 422, None, 1275, 844
849, None, 422, 0, 1276, 844
850, 0, 422, None, 1277, 844
850, None, 422, 0, 1278, 844
851, 1, 423, None, 1278, 845
851, None, 423, 1, 1279, 846
852, 1, 424, None, 1279, 847
852, None, 424, 1, 1280, 848
853, 1, 425, None, 1280, 849
853, None, 425, 1, 1281, 850
854, 0, 425, None, 1282, 850
854, None, 425, 0, 1283, 850
855, 1, 426, None, 1283, 851
855, None, 426, 1, 1284, 852
856, 1, 427, None, 1284, 853
856, None, 427, 1, 1285, 854
857, 1, 428, None, 1285, 855
857, None, 428, 1, 1286, 856
858, 0, 428, None, 1287, 856
858, None, 428, 0, 1288, 856
859, 1, 429, None, 1288, 857
859, None, 429, 1, 1289, 858
860, 0, 429, None, 1290, 858
860, None, 429, 0, 1291, 858
861, 1, 430, None, 1291, 859
861, None, 430, 1, 1292, 860
862, 0, 430, None, 1293, 860
862, None, 430, 0, 1294, 860
863, 1, 431, None, 1294, 861
863, None, 431, 1, 1295, 862
864, 0, 431, None, 1296, 862
864, None, 431, 0, 1297, 862
865, 0, 431, None, 1298, 862
865, None, 431, 0, 1299, 862
866, 0, 431, None, 1300, 862
866, None, 431, 0, 1301, 862
867, 0, 431, None, 1302, 862
867, None, 431, 0, 1303, 862
868, 1, 432, None, 1303, 863
868, None, 432, 1, 1304, 864
869, 0, 432, None, 1305, 864
869, None, 432, 0, 1306, 864
870, 1, 433, None, 1306, 865
870, None, 433, 1, 1307, 866
871, 1, 434, None, 1307, 867
871, None, 434, 1, 1308, 868
872, 0, 434, None, 1309, 868
872, None, 434, 0, 1310, 868
873, 0, 434, None, 1311, 868
873, None, 434, 0, 1312, 868
874, 0, 434, None, 1313, 868
874, None, 434, 0, 1314, 868
875, 0, 434, None, 1315, 868
875, None, 434, 0, 1316, 868
876, 1, 435, None, 1316, 869
876, None, 435, 1, 1317, 870
877, 1, 436, None, 1317, 871
877, None, 436, 1, 1318, 872
878, 0, 436, None, 1319, 872
878, None, 436, 0, 1320, 872
879, 1, 437, None, 1320, 873
879, None, 437, 1, 1321, 874
880, 0, 437, None, 1322, 874
880, None, 437, 0, 1323, 874
881, 1, 438, None, 1323, 875
881, None, 438, 1, 1324, 876
882, 0, 438, None, 1325, 876
882, None, 438, 0, 1326, 876
883, 1, 439, None, 1326, 877
883, None, 439, 1, 1327, 878
884, 0, 439, None, 1328, 878
884, None, 439, 0, 1329, 878
885, 1, 440, None, 1329, 879
885, None, 440, 1, 1330, 880
886, 0, 440, None, 1331, 880
886, None, 440, 0, 1332, 880
887, 1, 441, None, 1332, 881
887, None, 441, 1, 1333, 882
888, 1, 442, None, 1333, 883
888, None, 442, 1, 1334, 884
889, 1, 443, None, 1334, 885
889, None, 443, 1, 1335, 886
890, 1, 444, None, 1335, 887
890, None, 444, 1, 1336, 888
891, 1, 445, None, 1336, 889
891, None, 445, 1, 1337, 890
892, 0, 445, None, 1338, 890
892, None, 445, 0, 1339, 890
893, 0, 445, None, 1340, 890
893, None, 445, 0, 1341, 890
894, 0, 445, None, 1342, 890
894, None, 445, 0, 1343, 890
895, 0, 445, None, 1344, 890
895, None, 445, 0, 1345, 890
896, 0, 445, None, 1346, 890
896, None, 445, 0, 1347, 890
897, 0, 445, None, 1348, 890
897, None, 445, 0, 1349, 890
898, 0, 445, None, 1350, 890
898, None, 445, 0, 1351, 890
899, 1, 446, None, 1351, 891
899, None, 446, 1, 1352, 892
900, 0, 446, None, 1353, 892
900, None, 446, 0, 1354, 892
901, 0, 446, None, 1355, 892
901, None, 446, 0, 1356, 892
902, 1, 447, None, 1356, 893
902, None, 447, 1, 1357, 894
903, 0, 447, None, 1358, 894
903, None, 447, 0, 1359, 894
904, 1, 448, None, 1359, 895
904, None, 448, 1, 1360, 896
905, 1, 449, None, 1360, 897
905, None, 449, 1, 1361, 898
906, 1, 450, None, 1361, 899
906, None, 450, 1, 1362, 900
907, 1, 451, None, 1362, 901
907, None, 451, 1, 1363, 902
908, 0, 451, None, 1364, 902
908, None, 451, 0, 1365, 902
909, 1, 452, None, 1365, 903
909, None, 452, 1, 1366, 904
910, 1, 453, None, 1366, 905
910, None, 453, 1, 1367, 906
911, 0, 453, None, 1368, 906
911, None, 453, 0, 1369, 906
912, 1, 454, None, 1369, 907
912, None, 454, 1, 1370, 908
913, 0, 454, None, 1371, 908
913, None, 454, 0, 1372, 908
914, 1, 455, None, 1372, 909
914, None, 455, 1, 1373, 910
915, 0, 455, None, 1374, 910
915, None, 455, 0, 1375, 910
916, 0, 455, None, 1376, 910
916, None, 455, 0, 1377, 910
917, 0, 455, None, 1378, 910
917, None, 455, 0, 1379, 910
918, 0, 455, None, 1380, 910
918, None, 455, 0, 1381, 910
919, 1, 456, None, 1381, 911
919, None, 456, 1, 1382, 912
920, 0, 456, None, 1383, 912
920, None, 456, 0, 1384, 912
921, 1, 457, None, 1384, 913
921, None, 457, 1, 1385, 914
922, 1, 458, None, 1385, 915
922, None, 458, 1, 1386, 916
923, 1, 459, None, 1386, 917
923, None, 459, 1, 1387, 918
924, 1, 460, None, 1387, 919
924, None, 460, 1, 1388, 920
925, 0, 460, None, 1389, 920
925, None, 460, 0, 1390, 920
926, 0, 460, None, 1391, 920
926, None, 460, 0, 1392, 920
927, 0, 460, None, 1393, 920
927, None, 460, 0, 1394, 920
928, 0, 460, None, 1395, 920
928, None, 460, 0, 1396, 920
929, 1, 461, None, 1396, 921
929, None, 461, 1, 1397, 922
930, 1, 462, None, 1397, 923
930, None, 462, 1, 1398, 924
931, 0, 462, None, 1399, 924
931, None, 462, 0, 1400, 924
932, 0, 462, None, 1401, 924
932, None, 462, 0, 1402, 924
933, 1, 463, None, 1402, 925
933, None, 463, 1, 1403, 926
934, 1, 464, None, 1403, 927
934, None, 464, 1, 1404, 928
935, 1, 465, None, 1404, 929
935, None, 465, 1, 1405, 930
936, 1, 466, None, 1405, 931
936, None, 466, 1, 1406, 932
937, 0, 466, None, 1407, 932
937, None, 466, 0, 1408, 932
938, 1, 467, None, 1408, 933
938, None, 467, 1, 1409, 934
939, 0, 467, None, 1410, 934
939, None, 467, 0, 1411, 934
940, 1, 468, None, 1411, 935
940, None, 468, 1, 1412, 936
941, 0, 468, None, 1413, 936
941, None, 468, 0, 1414, 936
942, 0, 468, None, 1415, 936
942, None, 468, 0, 1416, 936
943, 0, 468, None, 1417, 936
943, None, 468, 0, 1418, 936
944, 0, 468, None, 1419, 936
944, None, 468, 0, 1420, 936
945, 1, 469, None, 1420, 937
945, None, 469, 1, 1421, 938
946, 0, 469, None, 1422, 938
946, None, 469, 0, 1423, 938
947, 0, 469, None, 1424, 938
947, None, 469, 0, 1425, 938
948, 0, 469, None, 1426, 938
948, None, 469, 0, 1427, 938
949, 1, 470, None, 1427, 939
949, None, 470, 1, 1428, 940
950, 1, 471, None, 1428, 941
950, None, 471, 1, 1429, 942
951, 0, 471, None, 1430, 942
951, None, 471, 0, 1431, 942
952, 1, 472, None, 1431, 943
952, None, 472, 1, 1432, 944
953, 0, 472, None, 1433, 944
953, None, 472, 0, 1434, 944
954, 1, 473, None, 1434, 945
954, None, 473, 1, 1435, 946
955, 0, 473, None, 1436, 946
955, None, 473, 0, 1437, 946
956, 0, 473, None, 1438, 946
956, None, 473, 0, 1439, 946
957, 0, 473, None, 1440, 946
957, None, 473, 0, 1441, 946
958, 0, 473, None, 1442, 946
958, None, 473, 0, 1443, 946
959, 0, 473, None, 1444, 946
959, None, 473, 0, 1445, 946
960, 0, 473, None, 1446, 946
960, None, 473, 0, 1447, 946
961, 1, 474, None, 1447, 947
961, None, 474, 1, 1448, 948
962, 0, 474, None, 1449, 948
962, None, 474, 0, 1450, 948
963, 1, 475, None, 1450, 949
963, None, 475, 1, 1451, 950
964, 0, 475, None, 1452, 950
964, None, 475, 0, 1453, 950
965, 0, 475, None, 1454, 950
965, None, 475, 0, 1455, 950
966, 1, 476, None, 1455, 951
966, None, 476, 1, 1456, 952
967, 0, 476, None, 1457, 952
967, None, 476, 0, 1458, 952
968, 0, 476, None, 1459, 952
968, None, 476, 0, 1460, 952
969, 0, 476, None, 1461, 952
969, None, 476, 0, 1462, 952
970, 1, 477, None, 1462, 953
970, None, 477, 1, 1463, 954
971, 0, 477, None, 1464, 954
971, None, 477, 0, 1465, 954
972, 1, 478, None, 1465, 955
972, None, 478, 1, 1466, 956
973, 1, 479, None, 1466, 957
973, None, 479, 1, 1467, 958
974, 1, 480, None, 1467, 959
974, None, 480, 1, 1468, 960
975, 1, 481, None, 1468, 961
975, None, 481, 1, 1469, 962
976, 1, 482, None, 1469, 963
976, None, 482, 1, 1470, 964
977, 1, 483, None, 1470, 965
977, None, 483, 1, 1471, 966
978, 1, 484, None, 1471, 967
978, None, 484, 1, 1472, 968
979, 1, 485, None, 1472, 969
979, None, 485, 1, 1473, 970
980, 1, 486, None, 1473, 971
980, None, 486, 1, 1474, 972
981, 1, 487, None, 1474, 973
981, None, 487, 1, 1475, 974
982, 0, 487, None, 1476, 974
982, None, 487, 0, 1477, 974
983, 0, 487, None, 1478, 974
983, None, 487, 0, 1479, 974
984, 1, 488, None, 1479, 975
984, None, 488, 1, 1480, 976
985, 0, 488, None, 1481, 976
985, None, 488, 0, 1482, 976
986, 0, 488, None, 1483, 976
986, None, 488, 0, 1484, 976
987, 0, 488, None, 1485, 976
987, None, 488, 0, 1486, 976
988, 1, 489, None, 1486, 977
988, None, 489, 1, 1487, 978
989, 1, 490, None, 1487, 979
989, None, 490, 1, 1488, 980
990, 1, 491, None, 1488, 981
990, None, 491, 1, 1489, 982
991, 0, 491, None, 1490, 982
991, None, 491, 0, 1491, 982
992, 0, 491, None, 1492, 982
992, None, 491, 0, 1493, 982
993, 1, 492, None, 1493, 983
993, None, 492, 1, 1494, 984
994, 1, 493, None, 1494, 985
994, None, 493, 1, 1495, 986
995, 1, 494, None, 1495, 987
995, None, 494, 1, 1496, 988
996, 0, 494, None, 1497, 988
996, None, 494, 0, 1498, 988
997, 1, 495, None, 1498, 989
997, None, 495, 1, 1499, 990
998, 0, 495, None, 1500, 990
998, None, 495, 0, 1501, 990
999, 0, 495, None, 1502, 990
999, None, 495, 0, 1503, 990
1000, 0, 495, None, 1504, 990
1000, None, 495, 0, 1505, 990
